{
    "ana": {
        "ttoi": 1934.5400000000002,
        "ttoiL10": 606.91,
        "ttoiL5": 298.02,
        "ttoiL3": 180.0,
        "ttoiL1": 60.0,
        "oppTTOI": 1945.41,
        "oppTTOIL10": 613.95,
        "oppTTOIL5": 310.82,
        "oppTTOIL3": 186.65,
        "oppTTOIL1": 64.72
    },
    "edm": {
        "ttoi": 1910.23,
        "ttoiL10": 600.6700000000001,
        "ttoiL5": 302.24,
        "ttoiL3": 183.11,
        "ttoiL1": 58.28,
        "oppTTOI": 1905.82,
        "oppTTOIL10": 596.0400000000001,
        "oppTTOIL5": 298.47,
        "oppTTOIL3": 179.8,
        "oppTTOIL1": 60.0
    },
    "mtl": {
        "ttoi": 1863.1,
        "ttoiL10": 598.04,
        "ttoiL5": 300.87,
        "ttoiL3": 177.04,
        "ttoiL1": 59.83,
        "oppTTOI": 1875.8,
        "oppTTOIL10": 605.3699999999999,
        "oppTTOIL5": 296.77,
        "oppTTOIL3": 179.47,
        "oppTTOIL1": 60.0
    },
    "tor": {
        "ttoi": 1917.5500000000004,
        "ttoiL10": 599.9300000000001,
        "ttoiL5": 300.06,
        "ttoiL3": 179.37,
        "ttoiL1": 60.0,
        "oppTTOI": 1906.86,
        "oppTTOIL10": 598.28,
        "oppTTOIL5": 300.97,
        "oppTTOIL3": 182.25,
        "oppTTOIL1": 60.0
    },
    "ott": {
        "ttoi": 1845.52,
        "ttoiL10": 600.8899999999999,
        "ttoiL5": 297.07,
        "ttoiL3": 177.07,
        "ttoiL1": 58.08,
        "oppTTOI": 1863.1500000000005,
        "oppTTOIL10": 598.0500000000001,
        "oppTTOIL5": 297.61,
        "oppTTOIL3": 179.98,
        "oppTTOIL1": 60.0
    },
    "sj": {
        "ttoi": 1980.0799999999995,
        "ttoiL10": 605.14,
        "ttoiL5": 307.07,
        "ttoiL3": 182.73,
        "ttoiL1": 57.83,
        "oppTTOI": 1993.8899999999999,
        "oppTTOIL10": 600.0,
        "oppTTOIL5": 304.25,
        "oppTTOIL3": 186.76999999999998,
        "oppTTOIL1": 58.019999999999996
    },
    "car": {
        "ttoi": 1878.8300000000004,
        "ttoiL10": 606.34,
        "ttoiL5": 302.3,
        "ttoiL3": 182.3,
        "ttoiL1": 59.98,
        "oppTTOI": 1876.2999999999995,
        "oppTTOIL10": 609.26,
        "oppTTOIL5": 304.35,
        "oppTTOIL3": 184.93,
        "oppTTOIL1": 61.93
    },
    "wpg": {
        "ttoi": 1855.3,
        "ttoiL10": 594.1800000000001,
        "ttoiL5": 299.88000000000005,
        "ttoiL3": 182.70000000000002,
        "ttoiL1": 59.18,
        "oppTTOI": 1839.86,
        "oppTTOIL10": 574.9599999999999,
        "oppTTOIL5": 297.53999999999996,
        "oppTTOIL3": 178.47,
        "oppTTOIL1": 59.33
    },
    "min": {
        "ttoi": 1865.7999999999997,
        "ttoiL10": 604.92,
        "ttoiL5": 299.29999999999995,
        "ttoiL3": 179.57999999999998,
        "ttoiL1": 60.0,
        "oppTTOI": 1873.7999999999995,
        "oppTTOIL10": 617.8,
        "oppTTOIL5": 308.64,
        "oppTTOIL3": 182.62,
        "oppTTOIL1": 64.15
    },
    "dal": {
        "ttoi": 1933.49,
        "ttoiL10": 613.3199999999999,
        "ttoiL5": 306.16,
        "ttoiL3": 182.15,
        "ttoiL1": 62.15,
        "oppTTOI": 1928.9200000000003,
        "oppTTOIL10": 608.07,
        "oppTTOIL5": 300.96999999999997,
        "oppTTOIL3": 179.57,
        "oppTTOIL1": 59.65
    },
    "nsh": {
        "ttoi": 1743.11,
        "ttoiL10": 603.78,
        "ttoiL5": 303.70000000000005,
        "ttoiL3": 181.85000000000002,
        "ttoiL1": 59.03,
        "oppTTOI": 1751.0599999999997,
        "oppTTOIL10": 606.0300000000001,
        "oppTTOIL5": 306.2,
        "oppTTOIL3": 188.82999999999998,
        "oppTTOIL1": 63.83
    },
    "sea": {
        "ttoi": 1800.5,
        "ttoiL10": 596.99,
        "ttoiL5": 297.19,
        "ttoiL3": 178.46,
        "ttoiL1": 60.0,
        "oppTTOI": 1794.0100000000002,
        "oppTTOIL10": 597.39,
        "oppTTOIL5": 299.98,
        "oppTTOIL3": 179.98,
        "oppTTOIL1": 59.129999999999995
    },
    "nyr": {
        "ttoi": 1987.8500000000004,
        "ttoiL10": 608.71,
        "ttoiL5": 307.25,
        "ttoiL3": 180.0,
        "ttoiL1": 60.0,
        "oppTTOI": 1990.84,
        "oppTTOIL10": 608.33,
        "oppTTOIL5": 298.33000000000004,
        "oppTTOIL3": 179.18,
        "oppTTOIL1": 60.0
    },
    "stl": {
        "ttoi": 1857.2700000000002,
        "ttoiL10": 599.96,
        "ttoiL5": 305.59,
        "ttoiL3": 186.43,
        "ttoiL1": 60.0,
        "oppTTOI": 1862.4800000000002,
        "oppTTOIL10": 595.82,
        "oppTTOIL5": 297.7,
        "oppTTOIL3": 178.2,
        "oppTTOIL1": 58.6
    },
    "det": {
        "ttoi": 1814.5,
        "ttoiL10": 601.02,
        "ttoiL5": 299.55,
        "ttoiL3": 175.07,
        "ttoiL1": 59.32,
        "oppTTOI": 1805.75,
        "oppTTOIL10": 609.04,
        "oppTTOIL5": 310.45,
        "oppTTOIL3": 185.7,
        "oppTTOIL1": 62.85
    },
    "chi": {
        "ttoi": 1786.4900000000002,
        "ttoiL10": 594.95,
        "ttoiL5": 296.4,
        "ttoiL3": 178.28,
        "ttoiL1": 60.0,
        "oppTTOI": 1810.27,
        "oppTTOIL10": 598.93,
        "oppTTOIL5": 298.48,
        "oppTTOIL3": 178.78,
        "oppTTOIL1": 58.3
    },
    "fla": {
        "ttoi": 1909.28,
        "ttoiL10": 596.99,
        "ttoiL5": 298.32,
        "ttoiL3": 179.1,
        "ttoiL1": 60.0,
        "oppTTOI": 1911.6000000000004,
        "oppTTOIL10": 598.8600000000001,
        "oppTTOIL5": 297.59000000000003,
        "oppTTOIL3": 177.92000000000002,
        "oppTTOIL1": 59.17
    },
    "van": {
        "ttoi": 1805.91,
        "ttoiL10": 610.0100000000001,
        "ttoiL5": 308.33000000000004,
        "ttoiL3": 184.48000000000002,
        "ttoiL1": 59.93,
        "oppTTOI": 1814.1500000000003,
        "oppTTOIL10": 606.37,
        "oppTTOIL5": 300.71000000000004,
        "oppTTOIL3": 182.78,
        "oppTTOIL1": 59.05
    },
    "vgk": {
        "ttoi": 1983.5200000000004,
        "ttoiL10": 607.7800000000001,
        "ttoiL5": 299.70000000000005,
        "ttoiL3": 178.8,
        "ttoiL1": 58.8,
        "oppTTOI": 1973.6799999999998,
        "oppTTOIL10": 603.86,
        "oppTTOIL5": 302.48,
        "oppTTOIL3": 179.88,
        "oppTTOIL1": 60.0
    },
    "tb": {
        "ttoi": 1800.6100000000004,
        "ttoiL10": 599.12,
        "ttoiL5": 299.5,
        "ttoiL3": 179.6,
        "ttoiL1": 60.0,
        "oppTTOI": 1802.8600000000001,
        "oppTTOIL10": 607.82,
        "oppTTOIL5": 300.25,
        "oppTTOIL3": 177.9,
        "oppTTOIL1": 57.9
    },
    "bos": {
        "ttoi": 1822.21,
        "ttoiL10": 614.57,
        "ttoiL5": 307.55,
        "ttoiL3": 188.23000000000002,
        "ttoiL1": 59.18,
        "oppTTOI": 1806.1399999999999,
        "oppTTOIL10": 603.9,
        "oppTTOIL5": 307.62,
        "oppTTOIL3": 184.3,
        "oppTTOIL1": 64.83
    },
    "nj": {
        "ttoi": 1850.7900000000002,
        "ttoiL10": 588.4200000000001,
        "ttoiL5": 288.12,
        "ttoiL3": 173.99,
        "ttoiL1": 57.97,
        "oppTTOI": 1837.7599999999993,
        "oppTTOIL10": 592.6199999999999,
        "oppTTOIL5": 291.82,
        "oppTTOIL3": 173.44,
        "oppTTOIL1": 58.28
    },
    "nyi": {
        "ttoi": 1908.6599999999999,
        "ttoiL10": 599.1300000000001,
        "ttoiL5": 302.6,
        "ttoiL3": 182.6,
        "ttoiL1": 60.0,
        "oppTTOI": 1908.9900000000002,
        "oppTTOIL10": 606.87,
        "oppTTOIL5": 304.33,
        "oppTTOIL3": 180.0,
        "oppTTOIL1": 60.0
    },
    "ari": {
        "ttoi": 1744.8500000000001,
        "ttoiL10": 600.8800000000001,
        "ttoiL5": 301.24,
        "ttoiL3": 176.66,
        "ttoiL1": 58.98,
        "oppTTOI": 1744.38,
        "oppTTOIL10": 598.6500000000001,
        "oppTTOIL5": 295.69,
        "oppTTOIL3": 178.89000000000001,
        "oppTTOIL1": 59.32
    },
    "buf": {
        "ttoi": 1855.6000000000001,
        "ttoiL10": 606.44,
        "ttoiL5": 299.34000000000003,
        "ttoiL3": 179.48000000000002,
        "ttoiL1": 59.65,
        "oppTTOI": 1856.71,
        "oppTTOIL10": 600.5799999999999,
        "oppTTOIL5": 298.88,