{
    "ana": {
        "ttoi": 1994.0200000000002,
        "ttoiL10": 602.56,
        "ttoiL5": 299.48,
        "ttoiL3": 179.48,
        "ttoiL1": 59.48,
        "oppTTOI": 2005.41,
        "oppTTOIL10": 613.95,
        "oppTTOIL5": 310.82,
        "oppTTOIL3": 186.65,
        "oppTTOIL1": 64.72
    },
    "la": {
        "ttoi": 2114.87,
        "ttoiL10": 608.0,
        "ttoiL5": 310.43,
        "ttoiL3": 189.8,
        "ttoiL1": 60.0,
        "oppTTOI": 2102.09,
        "oppTTOIL10": 610.09,
        "oppTTOIL5": 303.40000000000003,
        "oppTTOIL3": 183.72,
        "oppTTOIL1": 59.48
    },
    "edm": {
        "ttoi": 1972.31,
        "ttoiL10": 602.75,
        "ttoiL5": 304.32,
        "ttoiL3": 185.36,
        "ttoiL1": 62.08,
        "oppTTOI": 1968.02,
        "oppTTOIL10": 596.0400000000001,
        "oppTTOIL5": 298.47,
        "oppTTOIL3": 179.8,
        "oppTTOIL1": 60.0
    },
    "mtl": {
        "ttoi": 1924.15,
        "ttoiL10": 599.41,
        "ttoiL5": 303.09000000000003,
        "ttoiL3": 179.66,
        "ttoiL1": 61.05,
        "oppTTOI": 1936.22,
        "oppTTOIL10": 605.79,
        "oppTTOIL5": 299.24,
        "oppTTOIL3": 179.89,
        "oppTTOIL1": 60.0
    },
    "tor": {
        "ttoi": 1977.0800000000004,
        "ttoiL10": 599.46,
        "ttoiL5": 299.62,
        "ttoiL3": 178.9,
        "ttoiL1": 59.53,
        "oppTTOI": 1966.03,
        "oppTTOIL10": 598.28,
        "oppTTOIL5": 300.97,
        "oppTTOIL3": 182.25,
        "oppTTOIL1": 60.0
    },
    "ott": {
        "ttoi": 1905.52,
        "ttoiL10": 603.2099999999999,
        "ttoiL5": 297.07,
        "ttoiL3": 177.15,
        "ttoiL1": 60.0,
        "oppTTOI": 1922.4800000000005,
        "oppTTOIL10": 598.0500000000001,
        "oppTTOIL5": 297.61,
        "oppTTOIL3": 179.98,
        "oppTTOIL1": 60.0
    },
    "sj": {
        "ttoi": 2038.5499999999995,
        "ttoiL10": 602.44,
        "ttoiL5": 301.12,
        "ttoiL3": 181.3,
        "ttoiL1": 58.47,
        "oppTTOI": 2053.81,
        "oppTTOIL10": 599.95,
        "oppTTOIL5": 304.25,
        "oppTTOIL3": 186.76999999999998,
        "oppTTOIL1": 58.019999999999996
    },
    "car": {
        "ttoi": 1938.8300000000002,
        "ttoiL10": 606.34,
        "ttoiL5": 302.29999999999995,
        "ttoiL3": 182.29999999999998,
        "ttoiL1": 60.0,
        "oppTTOI": 1936.2999999999995,
        "oppTTOIL10": 609.26,
        "oppTTOIL5": 304.35,
        "oppTTOIL3": 184.93,
        "oppTTOIL1": 61.93
    },
    "wpg": {
        "ttoi": 1914.6299999999999,
        "ttoiL10": 598.96,
        "ttoiL5": 300.86,
        "ttoiL3": 178.51,
        "ttoiL1": 59.33,
        "oppTTOI": 1899.86,
        "oppTTOIL10": 574.9599999999999,
        "oppTTOIL5": 297.53999999999996,
        "oppTTOIL3": 178.47,
        "oppTTOIL1": 59.33
    },
    "min": {
        "ttoi": 1865.7999999999997,
        "ttoiL10": 604.92,
        "ttoiL5": 299.29999999999995,
        "ttoiL3": 179.57999999999998,
        "ttoiL1": 60.0,
        "oppTTOI": 1873.7999999999995,
        "oppTTOIL10": 617.8,
        "oppTTOIL5": 308.64,
        "oppTTOIL3": 182.62,
        "oppTTOIL1": 64.15
    },
    "dal": {
        "ttoi": 1993.49,
        "ttoiL10": 613.77,
        "ttoiL5": 301.68,
        "ttoiL3": 182.15,
        "ttoiL1": 60.0,
        "oppTTOI": 1987.2200000000003,
        "oppTTOIL10": 608.4,
        "oppTTOIL5": 300.19,
        "oppTTOIL3": 179.57,
        "oppTTOIL1": 59.65
    },
    "nsh": {
        "ttoi": 1805.3099999999997,
        "ttoiL10": 607.8,
        "ttoiL5": 306.43,
        "ttoiL3": 184.75,
        "ttoiL1": 62.2,
        "oppTTOI": 1813.1399999999999,
        "oppTTOIL10": 608.2800000000001,
        "oppTTOIL5": 306.2,
        "oppTTOIL3": 188.82999999999998,
        "oppTTOIL1": 63.83
    },
    "sea": {
        "ttoi": 1860.5,
        "ttoiL10": 596.99,
        "ttoiL5": 298.46,
        "ttoiL3": 178.57999999999998,
        "ttoiL1": 60.0,
        "oppTTOI": 1853.8300000000002,
        "oppTTOIL10": 597.39,
        "oppTTOIL5": 299.98,
        "oppTTOIL3": 179.98,
        "oppTTOIL1": 59.129999999999995
    },
    "nyr": {
        "ttoi": 2045.9800000000005,
        "ttoiL10": 606.8900000000001,
        "ttoiL5": 300.38,
        "ttoiL3": 178.13,
        "ttoiL1": 58.13,
        "oppTTOI": 2050.79,
        "oppTTOIL10": 608.33,
        "oppTTOIL5": 298.33000000000004,
        "oppTTOIL3": 179.18,
        "oppTTOIL1": 60.0
    },
    "stl": {
        "ttoi": 1976.9100000000003,
        "ttoiL10": 600.99,
        "ttoiL5": 306.07,
        "ttoiL3": 179.64,
        "ttoiL1": 59.82,
        "oppTTOI": 1982.4600000000003,
        "oppTTOIL10": 595.82,
        "oppTTOIL5": 297.7,
        "oppTTOIL3": 178.2,
        "oppTTOIL1": 58.6
    },
    "det": {
        "ttoi": 1879.13,
        "ttoiL10": 608.46,
        "ttoiL5": 304.18,
        "ttoiL3": 181.87,
        "ttoiL1": 64.63,
        "oppTTOI": 1870.38,
        "oppTTOIL10": 609.04,
        "oppTTOIL5": 310.45,
        "oppTTOIL3": 185.7,
        "oppTTOIL1": 62.85
    },
    "chi": {
        "ttoi": 1786.4900000000002,
        "ttoiL10": 594.95,
        "ttoiL5": 296.4,
        "ttoiL3": 178.28,
        "ttoiL1": 60.0,
        "oppTTOI": 1810.27,
        "oppTTOIL10": 598.93,
        "oppTTOIL5": 298.48,
        "oppTTOIL3": 178.78,
        "oppTTOIL1": 58.3
    },
    "fla": {
        "ttoi": 1969.28,
        "ttoiL10": 598.26,
        "ttoiL5": 298.77,
        "ttoiL3": 179.1,
        "ttoiL1": 60.0,
        "oppTTOI": 1971.42,
        "oppTTOIL10": 593.6800000000001,
        "oppTTOIL5": 297.74,
        "oppTTOIL3": 178.99,
        "oppTTOIL1": 59.17
    },
    "van": {
        "ttoi": 1865.8899999999999,
        "ttoiL10": 609.99,
        "ttoiL5": 308.78,
        "ttoiL3": 184.91,
        "ttoiL1": 59.98,
        "oppTTOI": 1873.9700000000003,
        "oppTTOIL10": 606.37,
        "oppTTOIL5": 300.71000000000004,
        "oppTTOIL3": 182.78,
        "oppTTOIL1": 59.05
    },
    "vgk": {
        "ttoi": 2040.9900000000002,
        "ttoiL10": 600.27,
        "ttoiL5": 293.82,
        "ttoiL3": 176.26999999999998,
        "ttoiL1": 57.47,
        "oppTTOI": 2033.68,
        "oppTTOIL10": 604.3100000000001,
        "oppTTOIL5": 304.3,
        "oppTTOIL3": 179.88,
        "oppTTOIL1": 60.0
    },
    "tb": {
        "ttoi": 1859.7800000000004,
        "ttoiL10": 595.91,
        "ttoiL5": 298.67,
        "ttoiL3": 178.77,
        "ttoiL1": 59.17,
        "oppTTOI": 1862.39,
        "oppTTOIL10": 607.82,
        "oppTTOIL5": 300.25,
        "oppTTOIL3": 177.9,
        "oppTTOIL1": 57.9
    },
    "bos": {
        "ttoi": 1882.0300000000002,
        "ttoiL10": 611.39,
        "ttoiL5": 308.05,
        "ttoiL3": 183.72,
        "ttoiL1": 59.82,
        "oppTTOI": 1866.1399999999999,
        "oppTTOIL10": 603.9,
        "oppTTOIL5": 307.62,
        "oppTTOIL3": 184.3,
        "oppTTOIL1": 64.83
    },
    "nj": {
        "ttoi": 1910.7900000000002,
        "ttoiL10": 588.47,
        "ttoiL5": 295.72,
        "ttoiL3": 175.79,
        "ttoiL1": 60.0,
        "oppTTOI": 1897.7599999999995,
        "oppTTOIL10": 592.62,
        "oppTTOIL5": 293.44,
        "oppTTOIL3": 173.44,
        "oppTTOIL1": 58.28
    },
    "nyi": {
        "ttoi": 1973.66,
        "ttoiL10": 604.1300000000001,
        "ttoiL5": 307.6,
        "ttoiL3": 182.6,
        "ttoiL1": 65.0,
        "oppTTOI": 1973.9900000000002,
        "oppTTOIL10": 606.87,
        "oppTTOIL5": 304.33,
        "oppTTOIL3": 180.0,
        "oppTTOIL1": 60.0
    },
    "ari": {
        "ttoi": 1805.2700000000002,
        "ttoiL10": 602.83,
        "ttoiL5": 301.66,
        "ttoiL3": 179.4,
        "ttoiL1": 60.42,
        "oppTTOI": 1805.43,
        "oppTTOIL10": 598.6500000000001,
        "oppTTOIL5": 295.69,
        "oppTTOIL3": 178.89000000000001,
        "oppTTOIL1": 59.32
    },
    "buf": {
        "ttoi": 1915.6000000000004,
        "ttoiL10": 603.71,
        "ttoiL5": 297.86,
        "ttoiL3": 179.65,