{
    "ana": {
        "ttoi": 4347.090000000001,
        "ttoiL10": 593.8100000000001,
        "ttoiL5": 295.46000000000004,
        "ttoiL3": 175.64000000000001,
        "ttoiL1": 57.52,
        "oppTTOI": 4347.349999999999,
        "oppTTOIL10": 602.97,
        "oppTTOIL5": 307.77,
        "oppTTOIL3": 183.05,
        "oppTTOIL1": 63.57
    },
    "wpg": {
        "ttoi": 4361.420000000002,
        "ttoiL10": 599.98,
        "ttoiL5": 296.9,
        "ttoiL3": 178.78,
        "ttoiL1": 59.83,
        "oppTTOI": 4352.669999999999,
        "oppTTOIL10": 592.16,
        "oppTTOIL5": 294.06,
        "oppTTOIL3": 175.67,
        "oppTTOIL1": 57.52
    },
    "cgy": {
        "ttoi": 4404.700000000001,
        "ttoiL10": 608.8800000000001,
        "ttoiL5": 302.45000000000005,
        "ttoiL3": 177.67000000000002,
        "ttoiL1": 57.67,
        "oppTTOI": 4410.789999999999,
        "oppTTOIL10": 607.22,
        "oppTTOIL5": 305.57,
        "oppTTOIL3": 182.4,
        "oppTTOIL1": 60.0
    },
    "van": {
        "ttoi": 4267.37,
        "ttoiL10": 604.45,
        "ttoiL5": 300.04,
        "ttoiL3": 177.09,
        "ttoiL1": 59.8,
        "oppTTOI": 4289.490000000002,
        "oppTTOIL10": 603.81,
        "oppTTOIL5": 300.88,
        "oppTTOIL3": 177.5,
        "oppTTOIL1": 58.12
    },
    "cbj": {
        "ttoi": 4193.07,
        "ttoiL10": 604.14,
        "ttoiL5": 304.30999999999995,
        "ttoiL3": 180.2,
        "ttoiL1": 62.12,
        "oppTTOI": 4203.15,
        "oppTTOIL10": 605.25,
        "oppTTOIL5": 301.0,
        "oppTTOIL3": 181.82,
        "oppTTOIL1": 59.82
    },
    "nyi": {
        "ttoi": 4322.130000000001,
        "ttoiL10": 602.1,
        "ttoiL5": 297.48,
        "ttoiL3": 179.67000000000002,
        "ttoiL1": 59.72,
        "oppTTOI": 4318.63,
        "oppTTOIL10": 601.1,
        "oppTTOIL5": 300.0,
        "oppTTOIL3": 180.0,
        "oppTTOIL1": 60.0
    },
    "nsh": {
        "ttoi": 4211.7,
        "ttoiL10": 609.93,
        "ttoiL5": 303.51,
        "ttoiL3": 184.97,
        "ttoiL1": 65.0,
        "oppTTOI": 4208.91,
        "oppTTOIL10": 607.37,
        "oppTTOIL5": 303.12,
        "oppTTOIL3": 183.14999999999998,
        "oppTTOIL1": 59.32
    },
    "sea": {
        "ttoi": 4283.17,
        "ttoiL10": 610.51,
        "ttoiL5": 307.76,
        "ttoiL3": 186.14000000000001,
        "ttoiL1": 65.0,
        "oppTTOI": 4228.3099999999995,
        "oppTTOIL10": 592.48,
        "oppTTOIL5": 295.67,
        "oppTTOIL3": 178.75,
        "oppTTOIL1": 58.7
    },
    "mtl": {
        "ttoi": 4323.3099999999995,
        "ttoiL10": 604.58,
        "ttoiL5": 297.20000000000005,
        "ttoiL3": 177.20000000000002,
        "ttoiL1": 57.93,
        "oppTTOI": 4339.43,
        "oppTTOIL10": 604.04,
        "oppTTOIL5": 299.89,
        "oppTTOIL3": 180.42000000000002,
        "oppTTOIL1": 60.0
    },
    "wsh": {
        "ttoi": 4372.060000000002,
        "ttoiL10": 601.88,
        "ttoiL5": 301.73,
        "ttoiL3": 179.1,
        "ttoiL1": 60.0,
        "oppTTOI": 4397.630000000001,
        "oppTTOIL10": 606.65,
        "oppTTOIL5": 298.65,
        "oppTTOIL3": 180.57,
        "oppTTOIL1": 61.15
    },
    "chi": {
        "ttoi": 4183.949999999999,
        "ttoiL10": 594.04,
        "ttoiL5": 298.02,
        "ttoiL3": 178.02,
        "ttoiL1": 60.0,
        "oppTTOI": 4273.419999999999,
        "oppTTOIL10": 604.98,
        "oppTTOIL5": 300.26,
        "oppTTOIL3": 180.38,
        "oppTTOIL1": 59.83
    },
    "car": {
        "ttoi": 4228.32,
        "ttoiL10": 597.1700000000001,
        "ttoiL5": 296.07,
        "ttoiL3": 176.07,
        "ttoiL1": 57.85,
        "oppTTOI": 4219.44,
        "oppTTOIL10": 606.47,
        "oppTTOIL5": 300.47,
        "oppTTOIL3": 181.05,
        "oppTTOIL1": 60.0
    },
    "tb": {
        "ttoi": 4386.610000000001,
        "ttoiL10": 601.74,
        "ttoiL5": 302.67,
        "ttoiL3": 177.67000000000002,
        "ttoiL1": 59.72,
        "oppTTOI": 4389.399999999999,
        "oppTTOIL10": 603.3299999999999,
        "oppTTOIL5": 299.02,
        "oppTTOIL3": 182.62,
        "oppTTOIL1": 59.72
    },
    "fla": {
        "ttoi": 4294.859999999999,
        "ttoiL10": 600.22,
        "ttoiL5": 294.98,
        "ttoiL3": 174.98000000000002,
        "ttoiL1": 58.28,
        "oppTTOI": 4306.35,
        "oppTTOIL10": 596.8,
        "oppTTOIL5": 299.03,
        "oppTTOIL3": 178.75,
        "oppTTOIL1": 61.7
    },
    "la": {
        "ttoi": 4300.8499999999985,
        "ttoiL10": 613.72,
        "ttoiL5": 309.75,
        "ttoiL3": 184.75,
        "ttoiL1": 59.75,
        "oppTTOI": 4277.0199999999995,
        "oppTTOIL10": 615.5100000000001,
        "oppTTOIL5": 307.18,
        "oppTTOIL3": 182.66,
        "oppTTOIL1": 58.63
    },
    "buf": {
        "ttoi": 4207.18,
        "ttoiL10": 601.98,
        "ttoiL5": 304.25,
        "ttoiL3": 179.25,
        "ttoiL1": 59.25,
        "oppTTOI": 4198.639999999999,
        "oppTTOIL10": 602.21,
        "oppTTOIL5": 298.46,
        "oppTTOIL3": 178.98,
        "oppTTOIL1": 60.0
    },
    "vgk": {
        "ttoi": 4341.12,
        "ttoiL10": 600.0899999999999,
        "ttoiL5": 298.90999999999997,
        "ttoiL3": 179.73,
        "ttoiL1": 60.0,
        "oppTTOI": 4321.120000000002,
        "oppTTOIL10": 606.68,
        "oppTTOIL5": 304.2,
        "oppTTOIL3": 184.2,
        "oppTTOIL1": 59.28
    },
    "pit": {
        "ttoi": 4331.53,
        "ttoiL10": 599.12,
        "ttoiL5": 294.5,
        "ttoiL3": 175.8,
        "ttoiL1": 58.3,
        "oppTTOI": 4330.009999999998,
        "oppTTOIL10": 600.17,
        "oppTTOIL5": 297.28999999999996,
        "oppTTOIL3": 177.92,
        "oppTTOIL1": 60.0
    },
    "dal": {
        "ttoi": 4351.02,
        "ttoiL10": 604.21,
        "ttoiL5": 301.90000000000003,
        "ttoiL3": 183.96,
        "ttoiL1": 60.0,
        "oppTTOI": 4283.68,
        "oppTTOIL10": 606.2399999999999,
        "oppTTOIL5": 301.76,
        "oppTTOIL3": 184.55,
        "oppTTOIL1": 64.9
    },
    "ari": {
        "ttoi": 4346.2699999999995,
        "ttoiL10": 609.87,
        "ttoiL5": 303.74,
        "ttoiL3": 180.92000000000002,
        "ttoiL1": 61.52,
        "oppTTOI": 4346.870000000001,
        "oppTTOIL10": 599.15,
        "oppTTOIL5": 302.38,
        "oppTTOIL3": 182.81,
        "oppTTOIL1": 63.57
    },
    "col": {
        "ttoi": 4198.9400000000005,
        "ttoiL10": 601.5799999999999,
        "ttoiL5": 300.33,
        "ttoiL3": 175.32999999999998,
        "ttoiL1": 55.33,
        "oppTTOI": 4226.160000000001,
        "oppTTOIL10": 601.57,
        "oppTTOIL5": 301.23,
        "oppTTOIL3": 181.63,
        "oppTTOIL1": 60.0
    },
    "phi": {
        "ttoi": 4229.74,
        "ttoiL10": 602.6700000000001,
        "ttoiL5": 303.78000000000003,
        "ttoiL3": 185.43,
        "ttoiL1": 65.0,
        "oppTTOI": 4258.75,
        "oppTTOIL10": 602.04,
        "oppTTOIL5": 304.4,
        "oppTTOIL3": 179.82,
        "oppTTOIL1": 59.82
    },
    "nj": {
        "ttoi": 4284.669999999999,
        "ttoiL10": 610.43,
        "ttoiL5": 307.6,
        "ttoiL3": 183.08,
        "ttoiL1": 64.97,
        "oppTTOI": 4276.549999999999,
        "oppTTOIL10": 597.5600000000001,
        "oppTTOIL5": 296.66,
        "oppTTOIL3": 178.66,
        "oppTTOIL1": 60.0
    },
    "edm": {
        "ttoi": 4328.839999999998,
        "ttoiL10": 603.08,
        "ttoiL5": 306.01,
        "ttoiL3": 186.13,
        "ttoiL1": 61.38,
        "oppTTOI": 4319.69,
        "oppTTOIL10": 596.1999999999999,
        "oppTTOIL5": 299.46999999999997,
        "oppTTOIL3": 181.52,
        "oppTTOIL1": 60.0
    },
    "bos": {
        "ttoi": 4284.300000000001,
        "ttoiL10": 595.02,
        "ttoiL5": 299.48,
        "ttoiL3": 179.48,
        "ttoiL1": 60.0,
        "oppTTOI": 4245.860000000001,
        "oppTTOIL10": 609.74,
        "oppTTOIL5": 304.29999999999995,
        "oppTTOIL3": 184.82999999999998,
        "oppTTOIL1": 60.0
    },
    "sj": {
        "ttoi": 4327.11,