{
    "ana": {
        "ttoi": 1934.5400000000002,
        "ttoiL10": 606.91,
        "ttoiL5": 298.02,
        "ttoiL3": 180.0,
        "ttoiL1": 60.0,
        "oppTTOI": 1945.41,
        "oppTTOIL10": 613.95,
        "oppTTOIL5": 310.82,
        "oppTTOIL3": 186.65,
        "oppTTOIL1": 64.72
    },
    "edm": {
        "ttoi": 1972.31,
        "ttoiL10": 602.75,
        "ttoiL5": 304.32,
        "ttoiL3": 185.36,
        "ttoiL1": 62.08,
        "oppTTOI": 1968.02,
        "oppTTOIL10": 596.0400000000001,
        "oppTTOIL5": 298.47,
        "oppTTOIL3": 179.8,
        "oppTTOIL1": 60.0
    },
    "mtl": {
        "ttoi": 1924.15,
        "ttoiL10": 599.41,
        "ttoiL5": 303.09000000000003,
        "ttoiL3": 179.66,
        "ttoiL1": 61.05,
        "oppTTOI": 1936.22,
        "oppTTOIL10": 605.79,
        "oppTTOIL5": 299.24,
        "oppTTOIL3": 179.89,
        "oppTTOIL1": 60.0
    },
    "tor": {
        "ttoi": 1917.5500000000004,
        "ttoiL10": 599.9300000000001,
        "ttoiL5": 300.06,
        "ttoiL3": 179.37,
        "ttoiL1": 60.0,
        "oppTTOI": 1906.86,
        "oppTTOIL10": 598.28,
        "oppTTOIL5": 300.97,
        "oppTTOIL3": 182.25,
        "oppTTOIL1": 60.0
    },
    "ott": {
        "ttoi": 1845.52,
        "ttoiL10": 600.8899999999999,
        "ttoiL5": 297.07,
        "ttoiL3": 177.07,
        "ttoiL1": 58.08,
        "oppTTOI": 1863.1500000000005,
        "oppTTOIL10": 598.0500000000001,
        "oppTTOIL5": 297.61,
        "oppTTOIL3": 179.98,
        "oppTTOIL1": 60.0
    },
    "sj": {
        "ttoi": 1980.0799999999995,
        "ttoiL10": 605.14,
        "ttoiL5": 307.07,
        "ttoiL3": 182.73,
        "ttoiL1": 57.83,
        "oppTTOI": 1993.8899999999999,
        "oppTTOIL10": 600.0,
        "oppTTOIL5": 304.25,
        "oppTTOIL3": 186.76999999999998,
        "oppTTOIL1": 58.019999999999996
    },
    "car": {
        "ttoi": 1878.8300000000004,
        "ttoiL10": 606.34,
        "ttoiL5": 302.3,
        "ttoiL3": 182.3,
        "ttoiL1": 59.98,
        "oppTTOI": 1876.2999999999995,
        "oppTTOIL10": 609.26,
        "oppTTOIL5": 304.35,
        "oppTTOIL3": 184.93,
        "oppTTOIL1": 61.93
    },
    "wpg": {
        "ttoi": 1855.3,
        "ttoiL10": 594.1800000000001,
        "ttoiL5": 299.88000000000005,
        "ttoiL3": 182.70000000000002,
        "ttoiL1": 59.18,
        "oppTTOI": 1839.86,
        "oppTTOIL10": 574.9599999999999,
        "oppTTOIL5": 297.53999999999996,
        "oppTTOIL3": 178.47,
        "oppTTOIL1": 59.33
    },
    "min": {
        "ttoi": 1865.7999999999997,
        "ttoiL10": 604.92,
        "ttoiL5": 299.29999999999995,
        "ttoiL3": 179.57999999999998,
        "ttoiL1": 60.0,
        "oppTTOI": 1873.7999999999995,
        "oppTTOIL10": 617.8,
        "oppTTOIL5": 308.64,
        "oppTTOIL3": 182.62,
        "oppTTOIL1": 64.15
    },
    "dal": {
        "ttoi": 1993.49,
        "ttoiL10": 613.77,
        "ttoiL5": 301.68,
        "ttoiL3": 182.15,
        "ttoiL1": 60.0,
        "oppTTOI": 1987.2200000000003,
        "oppTTOIL10": 608.4,
        "oppTTOIL5": 300.19,
        "oppTTOIL3": 179.57,
        "oppTTOIL1": 59.65
    },
    "nsh": {
        "ttoi": 1805.3099999999997,
        "ttoiL10": 607.8,
        "ttoiL5": 306.43,
        "ttoiL3": 184.75,
        "ttoiL1": 62.2,
        "oppTTOI": 1813.1399999999999,
        "oppTTOIL10": 608.2800000000001,
        "oppTTOIL5": 306.2,
        "oppTTOIL3": 188.82999999999998,
        "oppTTOIL1": 63.83
    },
    "sea": {
        "ttoi": 1800.5,
        "ttoiL10": 596.99,
        "ttoiL5": 297.19,
        "ttoiL3": 178.46,
        "ttoiL1": 60.0,
        "oppTTOI": 1794.0100000000002,
        "oppTTOIL10": 597.39,
        "oppTTOIL5": 299.98,
        "oppTTOIL3": 179.98,
        "oppTTOIL1": 59.129999999999995
    },
    "nyr": {
        "ttoi": 1987.8500000000004,
        "ttoiL10": 608.71,
        "ttoiL5": 307.25,
        "ttoiL3": 180.0,
        "ttoiL1": 60.0,
        "oppTTOI": 1990.84,
        "oppTTOIL10": 608.33,
        "oppTTOIL5": 298.33000000000004,
        "oppTTOIL3": 179.18,
        "oppTTOIL1": 60.0
    },
    "stl": {
        "ttoi": 1917.0900000000001,
        "ttoiL10": 599.9,
        "ttoiL5": 306.72999999999996,
        "ttoiL3": 184.14999999999998,
        "ttoiL1": 59.82,
        "oppTTOI": 1922.4600000000003,
        "oppTTOIL10": 595.82,
        "oppTTOIL5": 297.7,
        "oppTTOIL3": 178.2,
        "oppTTOIL1": 58.6
    },
    "det": {
        "ttoi": 1879.13,
        "ttoiL10": 608.46,
        "ttoiL5": 304.18,
        "ttoiL3": 181.87,
        "ttoiL1": 64.63,
        "oppTTOI": 1870.38,
        "oppTTOIL10": 609.04,
        "oppTTOIL5": 310.45,
        "oppTTOIL3": 185.7,
        "oppTTOIL1": 62.85
    },
    "chi": {
        "ttoi": 1786.4900000000002,
        "ttoiL10": 594.95,
        "ttoiL5": 296.4,
        "ttoiL3": 178.28,
        "ttoiL1": 60.0,
        "oppTTOI": 1810.27,
        "oppTTOIL10": 598.93,
        "oppTTOIL5": 298.48,
        "oppTTOIL3": 178.78,
        "oppTTOIL1": 58.3
    },
    "fla": {
        "ttoi": 1969.28,
        "ttoiL10": 598.26,
        "ttoiL5": 298.77,
        "ttoiL3": 179.1,
        "ttoiL1": 60.0,
        "oppTTOI": 1971.42,
        "oppTTOIL10": 593.6800000000001,
        "oppTTOIL5": 297.74,
        "oppTTOIL3": 178.99,
        "oppTTOIL1": 59.17
    },
    "van": {
        "ttoi": 1865.8899999999999,
        "ttoiL10": 609.99,
        "ttoiL5": 308.78,
        "ttoiL3": 184.91,
        "ttoiL1": 59.98,
        "oppTTOI": 1873.9700000000003,
        "oppTTOIL10": 606.37,
        "oppTTOIL5": 300.71000000000004,
        "oppTTOIL3": 182.78,
        "oppTTOIL1": 59.05
    },
    "vgk": {
        "ttoi": 2040.9900000000002,
        "ttoiL10": 600.27,
        "ttoiL5": 293.82,
        "ttoiL3": 176.26999999999998,
        "ttoiL1": 57.47,
        "oppTTOI": 2033.68,
        "oppTTOIL10": 604.3100000000001,
        "oppTTOIL5": 304.3,
        "oppTTOIL3": 179.88,
        "oppTTOIL1": 60.0
    },
    "tb": {
        "ttoi": 1800.6100000000004,
        "ttoiL10": 599.12,
        "ttoiL5": 299.5,
        "ttoiL3": 179.6,
        "ttoiL1": 60.0,
        "oppTTOI": 1802.8600000000001,
        "oppTTOIL10": 607.82,
        "oppTTOIL5": 300.25,
        "oppTTOIL3": 177.9,
        "oppTTOIL1": 57.9
    },
    "bos": {
        "ttoi": 1882.0300000000002,
        "ttoiL10": 611.39,
        "ttoiL5": 308.05,
        "ttoiL3": 183.72,
        "ttoiL1": 59.82,
        "oppTTOI": 1866.1399999999999,
        "oppTTOIL10": 603.9,
        "oppTTOIL5": 307.62,
        "oppTTOIL3": 184.3,
        "oppTTOIL1": 64.83
    },
    "nj": {
        "ttoi": 1850.7900000000002,
        "ttoiL10": 588.4200000000001,
        "ttoiL5": 288.12,
        "ttoiL3": 173.99,
        "ttoiL1": 57.97,
        "oppTTOI": 1837.7599999999993,
        "oppTTOIL10": 592.6199999999999,
        "oppTTOIL5": 291.82,
        "oppTTOIL3": 173.44,
        "oppTTOIL1": 58.28
    },
    "nyi": {
        "ttoi": 1973.66,
        "ttoiL10": 604.1300000000001,
        "ttoiL5": 307.6,
        "ttoiL3": 182.6,
        "ttoiL1": 65.0,
        "oppTTOI": 1973.9900000000002,
        "oppTTOIL10": 606.87,
        "oppTTOIL5": 304.33,
        "oppTTOIL3": 180.0,
        "oppTTOIL1": 60.0
    },
    "ari": {
        "ttoi": 1805.2700000000002,
        "ttoiL10": 602.83,
        "ttoiL5": 301.66,
        "ttoiL3": 179.4,
        "ttoiL1": 60.42,
        "oppTTOI": 1805.43,
        "oppTTOIL10": 598.6500000000001,
        "oppTTOIL5": 295.69,
        "oppTTOIL3": 178.89000000000001,
        "oppTTOIL1": 59.32
    },
    "buf": {
        "ttoi": 1915.6000000000004,
        "ttoiL10": 603.71,
        "ttoiL5": 297.86,
        "ttoiL3": 179.65,
        "ttoiL1": 60.0,
        "oppTTOI": 1914.18,
        "oppTTOIL10": 600.5799999999999,
        "oppTTOIL5": 298.88,
        "oppTTOIL3": 178.88,
        "oppTTOIL1": 58.98
    },
    "phi": {
        "ttoi": 1925.58,
        "ttoiL10": 598.54,