{
    "ana": {
        "ttoi": 4466.64,
        "ttoiL10": 594.66,
        "ttoiL5": 295.19,
        "ttoiL3": 177.07,
        "ttoiL1": 60.0,
        "oppTTOI": 4467.049999999999,
        "oppTTOIL10": 602.97,
        "oppTTOIL5": 307.77,
        "oppTTOIL3": 183.05,
        "oppTTOIL1": 63.57
    },
    "col": {
        "ttoi": 4383.24,
        "ttoiL10": 605.76,
        "ttoiL5": 299.63,
        "ttoiL3": 184.3,
        "ttoiL1": 59.7,
        "oppTTOI": 4410.130000000001,
        "oppTTOIL10": 604.7700000000001,
        "oppTTOIL5": 305.6,
        "oppTTOIL3": 185.0,
        "oppTTOIL1": 60.0
    },
    "stl": {
        "ttoi": 4380.880000000001,
        "ttoiL10": 600.46,
        "ttoiL5": 302.84999999999997,
        "ttoiL3": 178.07999999999998,
        "ttoiL1": 58.35,
        "oppTTOI": 4382.249999999999,
        "oppTTOIL10": 597.3,
        "oppTTOIL5": 298.15,
        "oppTTOIL3": 177.75,
        "oppTTOIL1": 59.55
    },
    "wpg": {
        "ttoi": 4421.340000000002,
        "ttoiL10": 598.67,
        "ttoiL5": 299.62,
        "ttoiL3": 179.75,
        "ttoiL1": 59.92,
        "oppTTOI": 4412.669999999999,
        "oppTTOIL10": 592.16,
        "oppTTOIL5": 294.06,
        "oppTTOIL3": 175.67,
        "oppTTOIL1": 57.52
    },
    "cgy": {
        "ttoi": 4464.700000000001,
        "ttoiL10": 609.1,
        "ttoiL5": 302.45000000000005,
        "ttoiL3": 177.67000000000002,
        "ttoiL1": 60.0,
        "oppTTOI": 4469.94,
        "oppTTOIL10": 607.22,
        "oppTTOIL5": 305.57,
        "oppTTOIL3": 182.4,
        "oppTTOIL1": 60.0
    },
    "van": {
        "ttoi": 4386.74,
        "ttoiL10": 599.4000000000001,
        "ttoiL5": 296.46000000000004,
        "ttoiL3": 179.17000000000002,
        "ttoiL1": 60.0,
        "oppTTOI": 4405.580000000002,
        "oppTTOIL10": 603.81,
        "oppTTOIL5": 300.88,
        "oppTTOIL3": 177.5,
        "oppTTOIL1": 58.12
    },
    "cbj": {
        "ttoi": 4313.740000000001,
        "ttoiL10": 605.6800000000001,
        "ttoiL5": 300.87,
        "ttoiL3": 182.79,
        "ttoiL1": 60.0,
        "oppTTOI": 4323.820000000001,
        "oppTTOIL10": 605.25,
        "oppTTOIL5": 301.0,
        "oppTTOIL3": 181.82,
        "oppTTOIL1": 59.82
    },
    "nyi": {
        "ttoi": 4501.130000000001,
        "ttoiL10": 596.1300000000001,
        "ttoiL5": 298.72,
        "ttoiL3": 179.0,
        "ttoiL1": 60.0,
        "oppTTOI": 4495.7,
        "oppTTOIL10": 600.5699999999999,
        "oppTTOIL5": 300.0,
        "oppTTOIL3": 180.0,
        "oppTTOIL1": 60.0
    },
    "nsh": {
        "ttoi": 4330.26,
        "ttoiL10": 608.12,
        "ttoiL5": 303.53,
        "ttoiL3": 183.56,
        "ttoiL1": 58.73,
        "oppTTOI": 4328.830000000001,
        "oppTTOIL10": 607.37,
        "oppTTOIL5": 303.12,
        "oppTTOIL3": 183.14999999999998,
        "oppTTOIL1": 59.32
    },
    "sea": {
        "ttoi": 4403.04,
        "ttoiL10": 609.46,
        "ttoiL5": 306.01,
        "ttoiL3": 184.87,
        "ttoiL1": 59.870000000000005,
        "oppTTOI": 4348.14,
        "oppTTOIL10": 592.48,
        "oppTTOIL5": 295.67,
        "oppTTOIL3": 178.75,
        "oppTTOIL1": 58.7
    },
    "mtl": {
        "ttoi": 4448.3099999999995,
        "ttoiL10": 605.9499999999999,
        "ttoiL5": 302.2,
        "ttoiL3": 182.93,
        "ttoiL1": 65.0,
        "oppTTOI": 4464.130000000001,
        "oppTTOIL10": 608.9399999999999,
        "oppTTOIL5": 299.89,
        "oppTTOIL3": 180.42000000000002,
        "oppTTOIL1": 60.0
    },
    "wsh": {
        "ttoi": 4430.930000000001,
        "ttoiL10": 600.75,
        "ttoiL5": 296.07,
        "ttoiL3": 181.59,
        "ttoiL1": 58.87,
        "oppTTOI": 4457.63,
        "oppTTOIL10": 606.65,
        "oppTTOIL5": 298.65,
        "oppTTOIL3": 180.57,
        "oppTTOIL1": 61.15
    },
    "chi": {
        "ttoi": 4302.0999999999985,
        "ttoiL10": 593.72,
        "ttoiL5": 296.17,
        "ttoiL3": 178.15,
        "ttoiL1": 58.37,
        "oppTTOI": 4393.419999999999,
        "oppTTOIL10": 604.98,
        "oppTTOIL5": 300.26,
        "oppTTOIL3": 180.38,
        "oppTTOIL1": 59.83
    },
    "car": {
        "ttoi": 4353.24,
        "ttoiL10": 597.09,
        "ttoiL5": 300.99,
        "ttoiL3": 182.77,
        "ttoiL1": 64.92,
        "oppTTOI": 4343.17,
        "oppTTOIL10": 606.54,
        "oppTTOIL5": 306.05,
        "oppTTOIL3": 181.05,
        "oppTTOIL1": 60.0
    },
    "tb": {
        "ttoi": 4445.630000000002,
        "ttoiL10": 600.76,
        "ttoiL5": 296.69,
        "ttoiL3": 177.99,
        "ttoiL1": 59.02,
        "oppTTOI": 4449.399999999999,
        "oppTTOIL10": 600.5999999999999,
        "oppTTOIL5": 301.02,
        "oppTTOIL3": 182.62,
        "oppTTOIL1": 59.72
    },
    "fla": {
        "ttoi": 4412.46,
        "ttoiL10": 599.52,
        "ttoiL5": 292.58,
        "ttoiL3": 175.88,
        "ttoiL1": 59.23,
        "oppTTOI": 4425.7,
        "oppTTOIL10": 596.8,
        "oppTTOIL5": 299.03,
        "oppTTOIL3": 178.75,
        "oppTTOIL1": 61.7
    },
    "la": {
        "ttoi": 4419.9299999999985,
        "ttoiL10": 608.4799999999999,
        "ttoiL5": 303.83,
        "ttoiL3": 178.82999999999998,
        "ttoiL1": 59.08,
        "oppTTOI": 4395.289999999999,
        "oppTTOIL10": 615.5100000000001,
        "oppTTOIL5": 307.18,
        "oppTTOIL3": 182.66,
        "oppTTOIL1": 58.63
    },
    "buf": {
        "ttoi": 4390.9,
        "ttoiL10": 610.0,
        "ttoiL5": 302.97,
        "ttoiL3": 183.72,
        "ttoiL1": 64.7,
        "oppTTOI": 4380.57,
        "oppTTOIL10": 602.21,
        "oppTTOIL5": 298.46,
        "oppTTOIL3": 178.98,
        "oppTTOIL1": 60.0
    },
    "vgk": {
        "ttoi": 4403.55,
        "ttoiL10": 602.52,
        "ttoiL5": 301.34,
        "ttoiL3": 182.16,
        "ttoiL1": 62.43,
        "oppTTOI": 4383.550000000001,
        "oppTTOIL10": 606.68,
        "oppTTOIL5": 304.2,
        "oppTTOIL3": 184.2,
        "oppTTOIL1": 59.28
    },
    "pit": {
        "ttoi": 4391.53,
        "ttoiL10": 596.3699999999999,
        "ttoiL5": 295.79999999999995,
        "ttoiL3": 177.51999999999998,
        "ttoiL1": 60.0,
        "oppTTOI": 4388.879999999998,
        "oppTTOIL10": 600.17,
        "oppTTOIL5": 297.28999999999996,
        "oppTTOIL3": 177.92,
        "oppTTOIL1": 60.0
    },
    "dal": {
        "ttoi": 4408.74,
        "ttoiL10": 602.0,
        "ttoiL5": 300.3,
        "ttoiL3": 176.9,
        "ttoiL1": 57.72,
        "oppTTOI": 4343.05,
        "oppTTOIL10": 606.2399999999999,
        "oppTTOIL5": 301.76,
        "oppTTOIL3": 184.55,
        "oppTTOIL1": 64.9
    },
    "ari": {
        "ttoi": 4527.489999999999,
        "ttoiL10": 610.74,
        "ttoiL5": 302.26,
        "ttoiL3": 181.22,
        "ttoiL1": 57.25,
        "oppTTOI": 4531.42,
        "oppTTOIL10": 599.15,
        "oppTTOIL5": 302.38,
        "oppTTOIL3": 182.81,
        "oppTTOIL1": 63.57
    },
    "phi": {
        "ttoi": 4289.74,
        "ttoiL10": 600.1400000000001,
        "ttoiL5": 305.43,
        "ttoiL3": 185.0,
        "ttoiL1": 60.0,
        "oppTTOI": 4315.969999999999,
        "oppTTOIL10": 602.04,
        "oppTTOIL5": 304.4,
        "oppTTOIL3": 179.82,
        "oppTTOIL1": 59.82
    },
    "nj": {
        "ttoi": 4460.499999999999,
        "ttoiL10": 603.2,
        "ttoiL5": 300.72999999999996,
        "ttoiL3": 175.82999999999998,
        "ttoiL1": 57.23,
        "oppTTOI": 4455.269999999998,
        "oppTTOIL10": 592.41,
        "oppTTOIL5": 296.66,
        "oppTTOIL3": 178.66,
        "oppTTOIL1": 60.0
    },
    "edm": {
        "ttoi": 4451.219999999999,
        "ttoiL10": 607.11,
        "ttoiL5": 308.51,
        "ttoiL3": 183.76,
        "ttoiL1": 59.95,
        "oppTTOI": 4439.37,
        "oppTTOIL10": 594.78,
        "oppTTOIL5": 298.57,
        "oppTTOIL3": 177.25,
        "oppTTOIL1": 60.0
    },
    "bos": {
        "ttoi": 4409.3,
        "ttoiL10": 601.95,
        "ttoiL5": 304.48,
        "ttoiL3": 185.0,
        "ttoiL1": 65.0,