{
    "ana": {
        "ttoi": 4051.6300000000006,
        "ttoiL10": 599.05,
        "ttoiL5": 298.34999999999997,
        "ttoiL3": 179.64999999999998,
        "ttoiL1": 59.32,
        "oppTTOI": 4050.0199999999995,
        "oppTTOIL10": 603.37,
        "oppTTOIL5": 307.77,
        "oppTTOIL3": 183.05,
        "oppTTOIL1": 63.57
    },
    "nsh": {
        "ttoi": 3848.1899999999996,
        "ttoiL10": 608.84,
        "ttoiL5": 305.57,
        "ttoiL3": 181.42,
        "ttoiL1": 61.2,
        "oppTTOI": 3846.7099999999996,
        "oppTTOIL10": 606.59,
        "oppTTOIL5": 303.12,
        "oppTTOIL3": 183.14999999999998,
        "oppTTOIL1": 59.32
    },
    "cgy": {
        "ttoi": 4039.08,
        "ttoiL10": 604.79,
        "ttoiL5": 303.26,
        "ttoiL3": 183.48,
        "ttoiL1": 60.0,
        "oppTTOI": 4043.909999999999,
        "oppTTOIL10": 608.3499999999999,
        "oppTTOIL5": 304.9,
        "oppTTOIL3": 182.4,
        "oppTTOIL1": 60.0
    },
    "van": {
        "ttoi": 3907.6,
        "ttoiL10": 607.79,
        "ttoiL5": 302.93,
        "ttoiL3": 184.68,
        "ttoiL1": 59.93,
        "oppTTOI": 3927.6700000000014,
        "oppTTOIL10": 605.49,
        "oppTTOIL5": 303.11,
        "oppTTOIL3": 183.10999999999999,
        "oppTTOIL1": 60.33
    },
    "sea": {
        "ttoi": 4035.4099999999994,
        "ttoiL10": 604.39,
        "ttoiL5": 302.75,
        "ttoiL3": 181.83,
        "ttoiL1": 60.0,
        "oppTTOI": 3982.5,
        "oppTTOIL10": 592.48,
        "oppTTOIL5": 295.67,
        "oppTTOIL3": 178.75,
        "oppTTOIL1": 58.7
    },
    "mtl": {
        "ttoi": 4026.1099999999997,
        "ttoiL10": 602.96,
        "ttoiL5": 307.38,
        "ttoiL3": 183.75,
        "ttoiL1": 59.97,
        "oppTTOI": 4041.6600000000008,
        "oppTTOIL10": 601.99,
        "oppTTOIL5": 299.89,
        "oppTTOIL3": 180.42000000000002,
        "oppTTOIL1": 60.0
    },
    "wsh": {
        "ttoi": 4012.5000000000005,
        "ttoiL10": 598.5699999999999,
        "ttoiL5": 303.46999999999997,
        "ttoiL3": 182.32,
        "ttoiL1": 59.32,
        "oppTTOI": 4031.21,
        "oppTTOIL10": 601.65,
        "oppTTOIL5": 298.65,
        "oppTTOIL3": 180.57,
        "oppTTOIL1": 61.15
    },
    "chi": {
        "ttoi": 3885.9299999999994,
        "ttoiL10": 537.8399999999999,
        "ttoiL5": 296.02,
        "ttoiL3": 177.55,
        "ttoiL1": 59.33,
        "oppTTOI": 3976.5699999999997,
        "oppTTOIL10": 606.23,
        "oppTTOIL5": 304.0,
        "oppTTOIL3": 180.38,
        "oppTTOIL1": 59.83
    },
    "car": {
        "ttoi": 3932.25,
        "ttoiL10": 597.27,
        "ttoiL5": 301.1,
        "ttoiL3": 176.1,
        "ttoiL1": 60.0,
        "oppTTOI": 3922.140000000001,
        "oppTTOIL10": 606.47,
        "oppTTOIL5": 300.47,
        "oppTTOIL3": 181.05,
        "oppTTOIL1": 60.0
    },
    "tb": {
        "ttoi": 4023.9399999999996,
        "ttoiL10": 594.65,
        "ttoiL5": 298.55,
        "ttoiL3": 179.07,
        "ttoiL1": 58.1,
        "oppTTOI": 4025.68,
        "oppTTOIL10": 603.3299999999999,
        "oppTTOIL5": 299.02,
        "oppTTOIL3": 182.62,
        "oppTTOIL1": 59.72
    },
    "fla": {
        "ttoi": 3999.88,
        "ttoiL10": 602.3100000000001,
        "ttoiL5": 305.24,
        "ttoiL3": 186.94,
        "ttoiL1": 64.52,
        "oppTTOI": 4008.92,
        "oppTTOIL10": 596.8,
        "oppTTOIL5": 299.03,
        "oppTTOIL3": 178.75,
        "oppTTOIL1": 61.7
    },
    "la": {
        "ttoi": 4056.0999999999995,
        "ttoiL10": 609.15,
        "ttoiL5": 303.97,
        "ttoiL3": 185.0,
        "ttoiL1": 65.0,
        "oppTTOI": 4033.91,
        "oppTTOIL10": 615.5100000000001,
        "oppTTOIL5": 307.18,
        "oppTTOIL3": 182.66,
        "oppTTOIL1": 58.63
    },
    "buf": {
        "ttoi": 3962.9300000000003,
        "ttoiL10": 596.3799999999999,
        "ttoiL5": 297.83,
        "ttoiL3": 182.03,
        "ttoiL1": 60.0,
        "oppTTOI": 3954.6599999999994,
        "oppTTOIL10": 602.73,
        "oppTTOIL5": 298.98,
        "oppTTOIL3": 178.98,
        "oppTTOIL1": 60.0
    },
    "vgk": {
        "ttoi": 4042.21,
        "ttoiL10": 611.6,
        "ttoiL5": 301.18,
        "ttoiL3": 183.15,
        "ttoiL1": 60.0,
        "oppTTOI": 4027.28,
        "oppTTOIL10": 606.68,
        "oppTTOIL5": 304.2,
        "oppTTOIL3": 184.2,
        "oppTTOIL1": 59.28
    },
    "pit": {
        "ttoi": 3978.51,
        "ttoiL10": 608.96,
        "ttoiL5": 305.87,
        "ttoiL3": 183.35,
        "ttoiL1": 61.55,
        "oppTTOI": 3974.7299999999996,
        "oppTTOIL10": 600.17,
        "oppTTOIL5": 297.28999999999996,
        "oppTTOIL3": 177.92,
        "oppTTOIL1": 60.0
    },
    "dal": {
        "ttoi": 4049.120000000001,
        "ttoiL10": 603.7900000000001,
        "ttoiL5": 302.31,
        "ttoiL3": 182.5,
        "ttoiL1": 60.0,
        "oppTTOI": 3978.9999999999995,
        "oppTTOIL10": 606.2399999999999,
        "oppTTOIL5": 301.76,
        "oppTTOIL3": 184.55,
        "oppTTOIL1": 64.9
    },
    "ari": {
        "ttoi": 4042.529999999999,
        "ttoiL10": 602.6800000000001,
        "ttoiL5": 306.13,
        "ttoiL3": 185.75,
        "ttoiL1": 64.15,
        "oppTTOI": 4046.3500000000013,
        "oppTTOIL10": 599.15,
        "oppTTOIL5": 302.38,
        "oppTTOIL3": 182.81,
        "oppTTOIL1": 63.57
    },
    "col": {
        "ttoi": 3898.61,
        "ttoiL10": 598.55,
        "ttoiL5": 301.25,
        "ttoiL3": 179.85,
        "ttoiL1": 60.0,
        "oppTTOI": 3923.8900000000003,
        "oppTTOIL10": 601.57,
        "oppTTOIL5": 301.23,
        "oppTTOIL3": 181.63,
        "oppTTOIL1": 60.0
    },
    "cbj": {
        "ttoi": 3888.7599999999998,
        "ttoiL10": 602.4899999999999,
        "ttoiL5": 299.83,
        "ttoiL3": 180.7,
        "ttoiL1": 57.95,
        "oppTTOI": 3896.3300000000004,
        "oppTTOIL10": 605.4300000000001,
        "oppTTOIL5": 300.75,
        "oppTTOIL3": 182.0,
        "oppTTOIL1": 60.0
    },
    "phi": {
        "ttoi": 3925.9599999999996,
        "ttoiL10": 593.8499999999999,
        "ttoiL5": 298.89,
        "ttoiL3": 176.36,
        "ttoiL1": 58.6,
        "oppTTOI": 3959.5099999999998,
        "oppTTOIL10": 607.79,
        "oppTTOIL5": 304.4,
        "oppTTOIL3": 179.82,
        "oppTTOIL1": 59.82
    },
    "nj": {
        "ttoi": 3977.0699999999993,
        "ttoiL10": 609.3600000000001,
        "ttoiL5": 302.83000000000004,
        "ttoiL3": 184.52,
        "ttoiL1": 59.77,
        "oppTTOI": 3967.8799999999997,
        "oppTTOIL10": 597.5600000000001,
        "oppTTOIL5": 296.66,
        "oppTTOIL3": 178.66,
        "oppTTOIL1": 60.0
    },
    "edm": {
        "ttoi": 4022.83,
        "ttoiL10": 594.63,
        "ttoiL5": 297.07,
        "ttoiL3": 178.72,
        "ttoiL1": 58.72,
        "oppTTOI": 4015.7599999999998,
        "oppTTOIL10": 594.2299999999999,
        "oppTTOIL5": 297.68,
        "oppTTOIL3": 179.8,
        "oppTTOIL1": 60.0
    },
    "bos": {
        "ttoi": 3925.4700000000007,
        "ttoiL10": 600.05,
        "ttoiL5": 296.19,
        "ttoiL3": 176.27,
        "ttoiL1": 58.12,
        "oppTTOI": 3893.7900000000004,
        "oppTTOIL10": 606.82,
        "oppTTOIL5": 303.27,
        "oppTTOIL3": 184.82999999999998,
        "oppTTOIL1": 60.0
    },
    "sj": {
        "ttoi": 4016.5000000000005,
        "ttoiL10": 598.17,
        "ttoiL5": 297.39,
        "ttoiL3": 177.67000000000002,
        "ttoiL1": 58.57,
        "oppTTOI": 4036.6500000000005,
        "oppTTOIL10": 602.49,
        "oppTTOIL5": 305.49,
        "oppTTOIL3": 183.42000000000002,
        "oppTTOIL1": 61.1
    },
    "min": {
        "ttoi": 4053.17,
        "ttoiL10": 618.6,
        "ttoiL5": 308.97,
        "ttoiL3": 183.97,
        "ttoiL1": 64.15,
        "oppTTOI": 4064.430000000001,
        "oppTTOIL10": 619.6100000000001,
        "oppTTOIL5": 307.82000000000005,
        "oppTTOIL3": 183.67000000000002,
        "oppTTOIL1": 59.52
    },