{
    "ana": {
        "ttoi": 4289.570000000001,
        "ttoiL10": 597.4399999999999,
        "ttoiL5": 297.26,
        "ttoiL3": 177.94,
        "ttoiL1": 60.0,
        "oppTTOI": 4287.5199999999995,
        "oppTTOIL10": 602.97,
        "oppTTOIL5": 307.77,
        "oppTTOIL3": 183.05,
        "oppTTOIL1": 63.57
    },
    "cgy": {
        "ttoi": 4347.03,
        "ttoiL10": 611.21,
        "ttoiL5": 307.95,
        "ttoiL3": 184.78,
        "ttoiL1": 60.0,
        "oppTTOI": 4350.789999999999,
        "oppTTOIL10": 607.22,
        "oppTTOIL5": 305.57,
        "oppTTOIL3": 182.4,
        "oppTTOIL1": 60.0
    },
    "van": {
        "ttoi": 4207.57,
        "ttoiL10": 602.9000000000001,
        "ttoiL5": 299.97,
        "ttoiL3": 182.29,
        "ttoiL1": 57.82,
        "oppTTOI": 4229.490000000002,
        "oppTTOIL10": 603.81,
        "oppTTOIL5": 300.88,
        "oppTTOIL3": 177.5,
        "oppTTOIL1": 58.12
    },
    "cbj": {
        "ttoi": 4193.07,
        "ttoiL10": 604.14,
        "ttoiL5": 304.30999999999995,
        "ttoiL3": 180.2,
        "ttoiL1": 62.12,
        "oppTTOI": 4203.15,
        "oppTTOIL10": 605.25,
        "oppTTOIL5": 301.0,
        "oppTTOIL3": 181.82,
        "oppTTOIL1": 59.82
    },
    "nyi": {
        "ttoi": 4322.130000000001,
        "ttoiL10": 602.1,
        "ttoiL5": 297.48,
        "ttoiL3": 179.67000000000002,
        "ttoiL1": 59.72,
        "oppTTOI": 4318.63,
        "oppTTOIL10": 601.1,
        "oppTTOIL5": 300.0,
        "oppTTOIL3": 180.0,
        "oppTTOIL1": 60.0
    },
    "nsh": {
        "ttoi": 4146.7,
        "ttoiL10": 604.0799999999999,
        "ttoiL5": 298.51,
        "ttoiL3": 180.89,
        "ttoiL1": 59.97,
        "oppTTOI": 4143.91,
        "oppTTOIL10": 607.37,
        "oppTTOIL5": 303.12,
        "oppTTOIL3": 183.14999999999998,
        "oppTTOIL1": 59.32
    },
    "sea": {
        "ttoi": 4218.17,
        "ttoiL10": 608.87,
        "ttoiL5": 306.19,
        "ttoiL3": 182.76,
        "ttoiL1": 61.87,
        "oppTTOI": 4163.31,
        "oppTTOIL10": 592.48,
        "oppTTOIL5": 295.67,
        "oppTTOIL3": 178.75,
        "oppTTOIL1": 58.7
    },
    "mtl": {
        "ttoi": 4265.379999999999,
        "ttoiL10": 604.12,
        "ttoiL5": 299.24,
        "ttoiL3": 179.27,
        "ttoiL1": 60.0,
        "oppTTOI": 4279.43,
        "oppTTOIL10": 601.99,
        "oppTTOIL5": 299.89,
        "oppTTOIL3": 180.42000000000002,
        "oppTTOIL1": 60.0
    },
    "wsh": {
        "ttoi": 4312.060000000001,
        "ttoiL10": 603.03,
        "ttoiL5": 299.56,
        "ttoiL3": 177.2,
        "ttoiL1": 62.72,
        "oppTTOI": 4337.630000000001,
        "oppTTOIL10": 606.65,
        "oppTTOIL5": 298.65,
        "oppTTOIL3": 180.57,
        "oppTTOIL1": 61.15
    },
    "chi": {
        "ttoi": 4123.949999999999,
        "ttoiL10": 592.2900000000001,
        "ttoiL5": 297.35,
        "ttoiL3": 178.02,
        "ttoiL1": 60.0,
        "oppTTOI": 4213.419999999999,
        "oppTTOIL10": 604.98,
        "oppTTOIL5": 300.26,
        "oppTTOIL3": 180.38,
        "oppTTOIL1": 59.83
    },
    "car": {
        "ttoi": 4170.469999999999,
        "ttoiL10": 599.25,
        "ttoiL5": 298.22,
        "ttoiL3": 178.22,
        "ttoiL1": 60.0,
        "oppTTOI": 4160.17,
        "oppTTOIL10": 606.47,
        "oppTTOIL5": 300.47,
        "oppTTOIL3": 181.05,
        "oppTTOIL1": 60.0
    },
    "tb": {
        "ttoi": 4326.890000000001,
        "ttoiL10": 601.5,
        "ttoiL5": 302.95,
        "ttoiL3": 177.95,
        "ttoiL1": 59.25,
        "oppTTOI": 4329.4,
        "oppTTOIL10": 603.3299999999999,
        "oppTTOIL5": 299.02,
        "oppTTOIL3": 182.62,
        "oppTTOIL1": 59.72
    },
    "fla": {
        "ttoi": 4236.579999999999,
        "ttoiL10": 601.9399999999999,
        "ttoiL5": 301.21999999999997,
        "ttoiL3": 176.7,
        "ttoiL1": 56.7,
        "oppTTOI": 4246.350000000001,
        "oppTTOIL10": 596.8,
        "oppTTOIL5": 299.03,
        "oppTTOIL3": 178.75,
        "oppTTOIL1": 61.7
    },
    "la": {
        "ttoi": 4300.8499999999985,
        "ttoiL10": 613.72,
        "ttoiL5": 309.75,
        "ttoiL3": 184.75,
        "ttoiL1": 59.75,
        "oppTTOI": 4277.0199999999995,
        "oppTTOIL10": 615.5100000000001,
        "oppTTOIL5": 307.18,
        "oppTTOIL3": 182.66,
        "oppTTOIL1": 58.63
    },
    "buf": {
        "ttoi": 4207.18,
        "ttoiL10": 601.98,
        "ttoiL5": 304.25,
        "ttoiL3": 179.25,
        "ttoiL1": 59.25,
        "oppTTOI": 4198.639999999999,
        "oppTTOIL10": 602.21,
        "oppTTOIL5": 298.46,
        "oppTTOIL3": 178.98,
        "oppTTOIL1": 60.0
    },
    "vgk": {
        "ttoi": 4281.12,
        "ttoiL10": 605.0899999999999,
        "ttoiL5": 298.90999999999997,
        "ttoiL3": 178.91,
        "ttoiL1": 59.73,
        "oppTTOI": 4263.450000000001,
        "oppTTOIL10": 606.68,
        "oppTTOIL5": 304.2,
        "oppTTOIL3": 184.2,
        "oppTTOIL1": 59.28
    },
    "pit": {
        "ttoi": 4273.2300000000005,
        "ttoiL10": 600.5899999999999,
        "ttoiL5": 294.71999999999997,
        "ttoiL3": 177.5,
        "ttoiL1": 59.22,
        "oppTTOI": 4270.009999999998,
        "oppTTOIL10": 600.17,
        "oppTTOIL5": 297.28999999999996,
        "oppTTOIL3": 177.92,
        "oppTTOIL1": 60.0
    },
    "dal": {
        "ttoi": 4291.02,
        "ttoiL10": 604.2099999999999,
        "ttoiL5": 301.9,
        "ttoiL3": 182.58,
        "ttoiL1": 59.18,
        "oppTTOI": 4225.38,
        "oppTTOIL10": 606.2399999999999,
        "oppTTOIL5": 301.76,
        "oppTTOIL3": 184.55,
        "oppTTOIL1": 64.9
    },
    "ari": {
        "ttoi": 4346.2699999999995,
        "ttoiL10": 609.87,
        "ttoiL5": 303.74,
        "ttoiL3": 180.92000000000002,
        "ttoiL1": 61.52,
        "oppTTOI": 4346.870000000001,
        "oppTTOIL10": 599.15,
        "oppTTOIL5": 302.38,
        "oppTTOIL3": 182.81,
        "oppTTOIL1": 63.57
    },
    "col": {
        "ttoi": 4198.9400000000005,
        "ttoiL10": 601.5799999999999,
        "ttoiL5": 300.33,
        "ttoiL3": 175.32999999999998,
        "ttoiL1": 55.33,
        "oppTTOI": 4226.160000000001,
        "oppTTOIL10": 601.57,
        "oppTTOIL5": 301.23,
        "oppTTOIL3": 181.63,
        "oppTTOIL1": 60.0
    },
    "phi": {
        "ttoi": 4164.74,
        "ttoiL10": 597.67,
        "ttoiL5": 297.38,
        "ttoiL3": 180.43,
        "ttoiL1": 60.0,
        "oppTTOI": 4194.43,
        "oppTTOIL10": 602.04,
        "oppTTOIL5": 304.4,
        "oppTTOIL3": 179.82,
        "oppTTOIL1": 59.82
    },
    "nj": {
        "ttoi": 4284.669999999999,
        "ttoiL10": 610.43,
        "ttoiL5": 307.6,
        "ttoiL3": 183.08,
        "ttoiL1": 64.97,
        "oppTTOI": 4276.549999999999,
        "oppTTOIL10": 597.5600000000001,
        "oppTTOIL5": 296.66,
        "oppTTOIL3": 178.66,
        "oppTTOIL1": 60.0
    },
    "edm": {
        "ttoi": 4328.839999999998,
        "ttoiL10": 603.08,
        "ttoiL5": 306.01,
        "ttoiL3": 186.13,
        "ttoiL1": 61.38,
        "oppTTOI": 4319.69,
        "oppTTOIL10": 596.1999999999999,
        "oppTTOIL5": 299.46999999999997,
        "oppTTOIL3": 181.52,
        "oppTTOIL1": 60.0
    },
    "bos": {
        "ttoi": 4224.300000000001,
        "ttoiL10": 595.02,
        "ttoiL5": 298.83,
        "ttoiL3": 179.48,
        "ttoiL1": 60.0,
        "oppTTOI": 4187.930000000001,
        "oppTTOIL10": 609.74,
        "oppTTOIL5": 304.29999999999995,
        "oppTTOIL3": 184.82999999999998,
        "oppTTOIL1": 60.0
    },
    "sj": {
        "ttoi": 4267.11,
        "ttoiL10": 607.15,
        "ttoiL5": 309.18,
        "ttoiL3": 186.33,
        "ttoiL1": 64.75,
        "oppTTOI": 4287.3,
        "oppTTOIL10": 602.49,
        "oppTTOIL5": 305.49,
        "oppTTOIL3": 183.42000000000002,
        "oppTTOIL1": 61.1
    },
    "min": {
        "ttoi": 4295.860000000001,
        "ttoiL10": 610.8900000000001,
        "ttoiL5": 306.84000000000003,