{
    "ana": {
        "ttoi": 1874.5400000000002,
        "ttoiL5": 299.95,
        "ttoiL3": 180.0,
        "ttoiL1": 60.0,
        "oppTTOI": 1887.13,
        "oppTTOIL5": 310.82,
        "oppTTOIL3": 186.65,
        "oppTTOIL1": 64.72
    },
    "mtl": {
        "ttoi": 1803.27,
        "ttoiL5": 301.04,
        "ttoiL3": 182.21,
        "ttoiL1": 58.78,
        "oppTTOI": 1815.8,
        "oppTTOIL5": 296.77,
        "oppTTOIL3": 179.47,
        "oppTTOIL1": 60.0
    },
    "tor": {
        "ttoi": 1857.5500000000002,
        "ttoiL5": 300.06,
        "ttoiL3": 180.09,
        "ttoiL1": 59.37,
        "oppTTOI": 1846.86,
        "oppTTOIL5": 300.97,
        "oppTTOIL3": 182.25,
        "oppTTOIL1": 60.0
    },
    "ott": {
        "ttoi": 1728.37,
        "ttoiL5": 302.40999999999997,
        "ttoiL3": 179.92000000000002,
        "ttoiL1": 59.92,
        "oppTTOI": 1743.8300000000006,
        "oppTTOIL5": 297.61,
        "oppTTOIL3": 179.98,
        "oppTTOIL1": 60.0
    },
    "sj": {
        "ttoi": 1857.2499999999993,
        "ttoiL5": 303.19,
        "ttoiL3": 184.24,
        "ttoiL1": 59.9,
        "oppTTOI": 1868.8899999999999,
        "oppTTOIL5": 304.25,
        "oppTTOIL3": 186.76999999999998,
        "oppTTOIL1": 58.019999999999996
    },
    "car": {
        "ttoi": 1756.5300000000002,
        "ttoiL5": 301.78000000000003,
        "ttoiL3": 180.0,
        "ttoiL1": 60.0,
        "oppTTOI": 1756.5299999999997,
        "oppTTOIL5": 304.35,
        "oppTTOIL3": 184.93,
        "oppTTOIL1": 61.93
    },
    "wpg": {
        "ttoi": 1736.12,
        "ttoiL5": 300.45,
        "ttoiL3": 180.7,
        "ttoiL1": 63.52,
        "oppTTOI": 1719.9299999999998,
        "oppTTOIL5": 297.53999999999996,
        "oppTTOIL3": 178.47,
        "oppTTOIL1": 59.33
    },
    "min": {
        "ttoi": 1805.8,
        "ttoiL5": 296.97,
        "ttoiL3": 179.3,
        "ttoiL1": 60.0,
        "oppTTOI": 1815.7199999999996,
        "oppTTOIL5": 308.64,
        "oppTTOIL3": 182.62,
        "oppTTOIL1": 64.15
    },
    "dal": {
        "ttoi": 1871.3400000000001,
        "ttoiL5": 308.53,
        "ttoiL3": 179.53,
        "ttoiL1": 60.0,
        "oppTTOI": 1866.6000000000001,
        "oppTTOIL5": 298.65,
        "oppTTOIL3": 179.57,
        "oppTTOIL1": 59.65
    },
    "nsh": {
        "ttoi": 1684.08,
        "ttoiL5": 302.44,
        "ttoiL3": 185.2,
        "ttoiL1": 63.52,
        "oppTTOI": 1691.59,
        "oppTTOIL5": 306.73,
        "oppTTOIL3": 188.82999999999998,
        "oppTTOIL1": 63.83
    },
    "sea": {
        "ttoi": 1740.5,
        "ttoiL5": 294.79,
        "ttoiL3": 178.46,
        "ttoiL1": 58.58,
        "oppTTOI": 1734.8300000000002,
        "oppTTOIL5": 299.98,
        "oppTTOIL3": 179.98,
        "oppTTOIL1": 59.129999999999995
    },
    "nyr": {
        "ttoi": 1867.85,
        "ttoiL5": 306.48,
        "ttoiL3": 187.25,
        "ttoiL1": 60.0,
        "oppTTOI": 1872.26,
        "oppTTOIL5": 298.33000000000004,
        "oppTTOIL3": 179.18,
        "oppTTOIL1": 60.0
    },
    "stl": {
        "ttoi": 1857.2700000000002,
        "ttoiL5": 305.59,
        "ttoiL3": 186.43,
        "ttoiL1": 60.0,
        "oppTTOI": 1862.4800000000002,
        "oppTTOIL5": 297.7,
        "oppTTOIL3": 178.2,
        "oppTTOIL1": 58.6
    },
    "det": {
        "ttoi": 1755.18,
        "ttoiL5": 300.23,
        "ttoiL3": 180.23000000000002,
        "ttoiL1": 57.92,
        "oppTTOI": 1746.68,
        "oppTTOIL5": 310.45,
        "oppTTOIL3": 185.7,
        "oppTTOIL1": 62.85
    },
    "chi": {
        "ttoi": 1726.4900000000002,
        "ttoiL5": 296.12,
        "ttoiL3": 178.28,
        "ttoiL1": 59.68,
        "oppTTOI": 1750.27,
        "oppTTOIL5": 298.48,
        "oppTTOIL3": 178.78,
        "oppTTOIL1": 58.3
    },
    "fla": {
        "ttoi": 1849.28,
        "ttoiL5": 298.32,
        "ttoiL3": 178.76999999999998,
        "ttoiL1": 59.1,
        "oppTTOI": 1853.6300000000003,
        "oppTTOIL5": 297.59000000000003,
        "oppTTOIL3": 177.92000000000002,
        "oppTTOIL1": 59.17
    },
    "van": {
        "ttoi": 1745.9799999999998,
        "ttoiL5": 312.45,
        "ttoiL3": 188.87,
        "ttoiL1": 65.0,
        "oppTTOI": 1754.1500000000003,
        "oppTTOIL5": 300.71000000000004,
        "oppTTOIL3": 182.78,
        "oppTTOIL1": 59.05
    },
    "vgk": {
        "ttoi": 1924.7200000000003,
        "ttoiL5": 300.9,
        "ttoiL3": 177.55,
        "ttoiL1": 60.0,
        "oppTTOI": 1913.68,
        "oppTTOIL5": 302.48,
        "oppTTOIL3": 179.88,
        "oppTTOIL1": 60.0
    },
    "tb": {
        "ttoi": 1740.6100000000006,
        "ttoiL5": 297.77,
        "ttoiL3": 179.5,
        "ttoiL1": 59.6,
        "oppTTOI": 1743.0300000000002,
        "oppTTOIL5": 300.25,
        "oppTTOIL3": 177.9,
        "oppTTOIL1": 57.9
    },
    "bos": {
        "ttoi": 1763.0300000000002,
        "ttoiL5": 308.05,
        "ttoiL3": 189.05,
        "ttoiL1": 64.72,
        "oppTTOI": 1749.0599999999997,
        "oppTTOIL5": 307.62,
        "oppTTOIL3": 184.3,
        "oppTTOIL1": 64.83
    },
    "nj": {
        "ttoi": 1792.8200000000002,
        "ttoiL5": 290.12,
        "ttoiL3": 177.75,
        "ttoiL1": 57.82,
        "oppTTOI": 1777.7599999999993,
        "oppTTOIL5": 291.82,
        "oppTTOIL3": 173.44,
        "oppTTOIL1": 58.28
    },
    "nyi": {
        "ttoi": 1848.6599999999999,
        "ttoiL5": 301.65,
        "ttoiL3": 182.6,
        "ttoiL1": 57.6,
        "oppTTOI": 1850.1900000000003,
        "oppTTOIL5": 304.33,
        "oppTTOIL3": 180.0,
        "oppTTOIL1": 60.0
    },
    "ari": {
        "ttoi": 1685.8700000000001,
        "ttoiL5": 302.06,
        "ttoiL3": 182.26,
        "ttoiL1": 60.0,
        "oppTTOI": 1684.73,
        "oppTTOIL5": 294.08000000000004,
        "oppTTOIL3": 179.12,
        "oppTTOIL1": 59.32
    },
    "phi": {
        "ttoi": 1867.0,
        "ttoiL5": 302.32,
        "ttoiL3": 180.75,
        "ttoiL1": 60.0,
        "oppTTOI": 1861.6699999999998,
        "oppTTOIL5": 311.51,
        "oppTTOIL3": 188.26999999999998,
        "oppTTOIL1": 64.58
    },
    "edm": {
        "ttoi": 1851.95,
        "ttoiL5": 303.96000000000004,
        "ttoiL3": 183.96,
        "ttoiL1": 65.0,
        "oppTTOI": 1845.8199999999997,
        "oppTTOIL5": 297.14000000000004,
        "oppTTOIL3": 179.8,
        "oppTTOIL1": 59.8
    },
    "cgy": {
        "ttoi": 1872.6700000000005,
        "ttoiL5": 304.08,
        "ttoiL3": 188.32999999999998,
        "ttoiL1": 60.0,
        "oppTTOI": 1872.8099999999997,
        "oppTTOIL5": 301.82,
        "oppTTOIL3": 177.51999999999998,
        "oppTTOIL1": 58.12
    },
    "la": {
        "ttoi": 1989.8700000000001,
        "ttoiL5": 305.40999999999997,
        "ttoiL3": 185.43,
        "ttoiL1": 64.8,
        "oppTTOI": 1977.6100000000001,
        "oppTTOIL5": 304.32,
        "oppTTOIL3": 184.07,
        "oppTTOIL1": 59.52
    },
    "buf": {
        "ttoi": 1795.95,
        "ttoiL5": 299.69,
        "ttoiL3": 178.21,
        "ttoiL1": 60.0,
        "oppTTOI": 1797.73,
        "oppTTOIL5": 298.87,
        "oppTTOIL3": 179.9,
        "oppTTOIL1": 60.0
    },
    "wsh": {
        "ttoi": 1910.1,
        "ttoiL5": 296.74,
        "ttoiL3": 177.16,
        "ttoiL1": 57.43,
        "oppTTOI": 1913.9199999999998,
        "oppTTOIL5": 304.9,
        "oppTTOIL3": 184.9,
        "oppTTOIL1": 60.0
    },
    "cbj": {
        "ttoi": 1736.8,
        "ttoiL5": 299.47,
        "ttoiL3": 179.47,
        "ttoiL1": 59.77,
        "oppTTOI": 1731.08,
        "oppTTOIL5": 294.6,
        "oppTTOIL3": 179.57,
        "oppTTOIL1": 60.0
    },
    "pit": {
        "ttoi": 1806.5800000000002,
        "ttoiL5": 300.83000000000004,
        "ttoiL3": 179.6,
        "ttoiL1": 59.95,
        "oppTTOI": 1800.2700000000004,
        "oppTTOIL5": 302.54999999999995,
        "oppTTOIL3": 181.07,
        "oppTTOIL1": 59.67
    },
    "col": {
        "ttoi": 1681.17,
        "ttoiL5": 301.65,
        "ttoiL3": 176.65,