{
    "ana": {
        "ttoi": 1934.5400000000002,
        "ttoiL5": 298.02,
        "ttoiL3": 180.0,
        "ttoiL1": 60.0,
        "oppTTOI": 1945.41,
        "oppTTOIL5": 310.82,
        "oppTTOIL3": 186.65,
        "oppTTOIL1": 64.72
    },
    "edm": {
        "ttoi": 1910.23,
        "ttoiL5": 302.24,
        "ttoiL3": 183.11,
        "ttoiL1": 58.28,
        "oppTTOI": 1905.82,
        "oppTTOIL5": 298.47,
        "oppTTOIL3": 179.8,
        "oppTTOIL1": 60.0
    },
    "mtl": {
        "ttoi": 1863.1,
        "ttoiL5": 300.87,
        "ttoiL3": 177.04,
        "ttoiL1": 59.83,
        "oppTTOI": 1875.8,
        "oppTTOIL5": 296.77,
        "oppTTOIL3": 179.47,
        "oppTTOIL1": 60.0
    },
    "tor": {
        "ttoi": 1917.5500000000004,
        "ttoiL5": 300.06,
        "ttoiL3": 179.37,
        "ttoiL1": 60.0,
        "oppTTOI": 1906.86,
        "oppTTOIL5": 300.97,
        "oppTTOIL3": 182.25,
        "oppTTOIL1": 60.0
    },
    "ott": {
        "ttoi": 1787.44,
        "ttoiL5": 303.51,
        "ttoiL3": 178.99,
        "ttoiL1": 59.07,
        "oppTTOI": 1803.1500000000005,
        "oppTTOIL5": 297.61,
        "oppTTOIL3": 179.98,
        "oppTTOIL1": 60.0
    },
    "sj": {
        "ttoi": 1922.2499999999995,
        "ttoiL5": 308.19,
        "ttoiL3": 184.82,
        "ttoiL1": 65.0,
        "oppTTOI": 1933.8899999999999,
        "oppTTOIL5": 304.25,
        "oppTTOIL3": 186.76999999999998,
        "oppTTOIL1": 58.019999999999996
    },
    "car": {
        "ttoi": 1818.8500000000004,
        "ttoiL5": 304.25,
        "ttoiL3": 182.32,
        "ttoiL1": 62.32,
        "oppTTOI": 1818.6799999999996,
        "oppTTOIL5": 304.35,
        "oppTTOIL3": 184.93,
        "oppTTOIL1": 61.93
    },
    "wpg": {
        "ttoi": 1796.12,
        "ttoiL5": 300.70000000000005,
        "ttoiL3": 182.35000000000002,
        "ttoiL1": 60.0,
        "oppTTOI": 1779.86,
        "oppTTOIL5": 297.53999999999996,
        "oppTTOIL3": 178.47,
        "oppTTOIL1": 59.33
    },
    "min": {
        "ttoi": 1805.8,
        "ttoiL5": 296.97,
        "ttoiL3": 179.3,
        "ttoiL1": 60.0,
        "oppTTOI": 1815.7199999999996,
        "oppTTOIL5": 308.64,
        "oppTTOIL3": 182.62,
        "oppTTOIL1": 64.15
    },
    "dal": {
        "ttoi": 1933.49,
        "ttoiL5": 306.16,
        "ttoiL3": 182.15,
        "ttoiL1": 62.15,
        "oppTTOI": 1928.9200000000003,
        "oppTTOIL5": 300.96999999999997,
        "oppTTOIL3": 179.57,
        "oppTTOIL1": 59.65
    },
    "nsh": {
        "ttoi": 1743.11,
        "ttoiL5": 303.70000000000005,
        "ttoiL3": 181.85000000000002,
        "ttoiL1": 59.03,
        "oppTTOI": 1751.0599999999997,
        "oppTTOIL5": 306.2,
        "oppTTOIL3": 188.82999999999998,
        "oppTTOIL1": 63.83
    },
    "sea": {
        "ttoi": 1740.5,
        "ttoiL5": 294.79,
        "ttoiL3": 178.46,
        "ttoiL1": 58.58,
        "oppTTOI": 1734.8300000000002,
        "oppTTOIL5": 299.98,
        "oppTTOIL3": 179.98,
        "oppTTOIL1": 59.129999999999995
    },
    "nyr": {
        "ttoi": 1927.8500000000004,
        "ttoiL5": 306.48,
        "ttoiL3": 182.25,
        "ttoiL1": 60.0,
        "oppTTOI": 1930.84,
        "oppTTOIL5": 298.33000000000004,
        "oppTTOIL3": 179.18,
        "oppTTOIL1": 60.0
    },
    "stl": {
        "ttoi": 1857.2700000000002,
        "ttoiL5": 305.59,
        "ttoiL3": 186.43,
        "ttoiL1": 60.0,
        "oppTTOI": 1862.4800000000002,
        "oppTTOIL5": 297.7,
        "oppTTOIL3": 178.2,
        "oppTTOIL1": 58.6
    },
    "det": {
        "ttoi": 1814.5,
        "ttoiL5": 299.55,
        "ttoiL3": 175.07,
        "ttoiL1": 59.32,
        "oppTTOI": 1805.75,
        "oppTTOIL5": 310.45,
        "oppTTOIL3": 185.7,
        "oppTTOIL1": 62.85
    },
    "chi": {
        "ttoi": 1726.4900000000002,
        "ttoiL5": 296.12,
        "ttoiL3": 178.28,
        "ttoiL1": 59.68,
        "oppTTOI": 1750.27,
        "oppTTOIL5": 298.48,
        "oppTTOIL3": 178.78,
        "oppTTOIL1": 58.3
    },
    "fla": {
        "ttoi": 1909.28,
        "ttoiL5": 298.32,
        "ttoiL3": 179.1,
        "ttoiL1": 60.0,
        "oppTTOI": 1911.6000000000004,
        "oppTTOIL5": 297.59000000000003,
        "oppTTOIL3": 177.92000000000002,
        "oppTTOIL1": 59.17
    },
    "van": {
        "ttoi": 1805.91,
        "ttoiL5": 308.33000000000004,
        "ttoiL3": 184.48000000000002,
        "ttoiL1": 59.93,
        "oppTTOI": 1814.1500000000003,
        "oppTTOIL5": 300.71000000000004,
        "oppTTOIL3": 182.78,
        "oppTTOIL1": 59.05
    },
    "vgk": {
        "ttoi": 1983.5200000000004,
        "ttoiL5": 299.70000000000005,
        "ttoiL3": 178.8,
        "ttoiL1": 58.8,
        "oppTTOI": 1973.6799999999998,
        "oppTTOIL5": 302.48,
        "oppTTOIL3": 179.88,
        "oppTTOIL1": 60.0
    },
    "tb": {
        "ttoi": 1800.6100000000004,
        "ttoiL5": 299.5,
        "ttoiL3": 179.6,
        "ttoiL1": 60.0,
        "oppTTOI": 1802.8600000000001,
        "oppTTOIL5": 300.25,
        "oppTTOIL3": 177.9,
        "oppTTOIL1": 57.9
    },
    "bos": {
        "ttoi": 1822.21,
        "ttoiL5": 307.55,
        "ttoiL3": 188.23000000000002,
        "ttoiL1": 59.18,
        "oppTTOI": 1806.1399999999999,
        "oppTTOIL5": 307.62,
        "oppTTOIL3": 184.3,
        "oppTTOIL1": 64.83
    },
    "nj": {
        "ttoi": 1850.7900000000002,
        "ttoiL5": 288.12,
        "ttoiL3": 173.99,
        "ttoiL1": 57.97,
        "oppTTOI": 1837.7599999999993,
        "oppTTOIL5": 291.82,
        "oppTTOIL3": 173.44,
        "oppTTOIL1": 58.28
    },
    "nyi": {
        "ttoi": 1908.6599999999999,
        "ttoiL5": 302.6,
        "ttoiL3": 182.6,
        "ttoiL1": 60.0,
        "oppTTOI": 1908.9900000000002,
        "oppTTOIL5": 304.33,
        "oppTTOIL3": 180.0,
        "oppTTOIL1": 60.0
    },
    "ari": {
        "ttoi": 1744.8500000000001,
        "ttoiL5": 301.24,
        "ttoiL3": 176.66,
        "ttoiL1": 58.98,
        "oppTTOI": 1744.38,
        "oppTTOIL5": 295.69,
        "oppTTOIL3": 178.89000000000001,
        "oppTTOIL1": 59.32
    },
    "buf": {
        "ttoi": 1855.6000000000001,
        "ttoiL5": 299.34000000000003,
        "ttoiL3": 179.48000000000002,
        "ttoiL1": 59.65,
        "oppTTOI": 1856.71,
        "oppTTOIL5": 298.88,
        "oppTTOIL3": 178.88,
        "oppTTOIL1": 58.98
    },
    "phi": {
        "ttoi": 1925.58,
        "ttoiL5": 302.68,
        "ttoiL3": 174.91,
        "ttoiL1": 58.58,
        "oppTTOI": 1921.6699999999998,
        "oppTTOIL5": 311.51,
        "oppTTOIL3": 188.26999999999998,
        "oppTTOIL1": 64.58
    },
    "cgy": {
        "ttoi": 1872.6700000000005,
        "ttoiL5": 304.08,
        "ttoiL3": 188.32999999999998,
        "ttoiL1": 60.0,
        "oppTTOI": 1872.8099999999997,
        "oppTTOIL5": 301.82,
        "oppTTOIL3": 177.51999999999998,
        "oppTTOIL1": 58.12
    },
    "la": {
        "ttoi": 2054.87,
        "ttoiL5": 310.41,
        "ttoiL3": 189.8,
        "ttoiL1": 65.0,
        "oppTTOI": 2042.6100000000001,
        "oppTTOIL5": 304.32,
        "oppTTOIL3": 184.07,
        "oppTTOIL1": 59.52
    },
    "wsh": {
        "ttoi": 1970.0999999999997,
        "ttoiL5": 297.15999999999997,
        "ttoiL3": 177.16,
        "ttoiL1": 60.0,
        "oppTTOI": 1973.9199999999998,
        "oppTTOIL5": 304.9,
        "oppTTOIL3": 184.9,
        "oppTTOIL1": 60.0
    },
    "cbj": {
        "ttoi": 1793.8799999999999,
        "ttoiL5": 296.54999999999995,
        "ttoiL3": 176.14999999999998,
        "ttoiL1": 57.08,
        "oppTTOI": 1790.2599999999998,
        "oppTTOIL5": 298.75,
        "oppTTOIL3": 178.75,
        "oppTTOIL1": 60.0
    },
    "pit": {
        "ttoi": 1806.5800000000002,
        "ttoiL5": 300.83000000000004,
        "ttoiL3": 179.6,
        "ttoiL1": 59.95,
        "oppTTOI": 1800.2700000000004,
        "oppTTOIL5": 302.54999999999995,
        "oppTTOIL3": 181.07,
        "oppTTOIL1": 59.67
    },