{
    "ana": {
        "ttoi": 4406.64,
        "ttoiL10": 593.36,
        "ttoiL5": 295.01,
        "ttoiL3": 177.07,
        "ttoiL1": 59.55,
        "oppTTOI": 4407.349999999999,
        "oppTTOIL10": 602.97,
        "oppTTOIL5": 307.77,
        "oppTTOIL3": 183.05,
        "oppTTOIL1": 63.57
    },
    "stl": {
        "ttoi": 4322.530000000001,
        "ttoiL10": 602.0299999999999,
        "ttoiL5": 304.5,
        "ttoiL3": 184.73,
        "ttoiL1": 60.0,
        "oppTTOI": 4323.169999999999,
        "oppTTOIL10": 597.3,
        "oppTTOIL5": 298.15,
        "oppTTOIL3": 177.75,
        "oppTTOIL1": 59.55
    },
    "wpg": {
        "ttoi": 4421.340000000002,
        "ttoiL10": 598.67,
        "ttoiL5": 299.62,
        "ttoiL3": 179.75,
        "ttoiL1": 59.92,
        "oppTTOI": 4412.669999999999,
        "oppTTOIL10": 592.16,
        "oppTTOIL5": 294.06,
        "oppTTOIL3": 175.67,
        "oppTTOIL1": 57.52
    },
    "cgy": {
        "ttoi": 4464.700000000001,
        "ttoiL10": 609.1,
        "ttoiL5": 302.45000000000005,
        "ttoiL3": 177.67000000000002,
        "ttoiL1": 60.0,
        "oppTTOI": 4469.94,
        "oppTTOIL10": 607.22,
        "oppTTOIL5": 305.57,
        "oppTTOIL3": 182.4,
        "oppTTOIL1": 60.0
    },
    "van": {
        "ttoi": 4326.739999999999,
        "ttoiL10": 603.8199999999999,
        "ttoiL5": 301.46,
        "ttoiL3": 176.98999999999998,
        "ttoiL1": 59.37,
        "oppTTOI": 4347.210000000001,
        "oppTTOIL10": 603.81,
        "oppTTOIL5": 300.88,
        "oppTTOIL3": 177.5,
        "oppTTOIL1": 58.12
    },
    "cbj": {
        "ttoi": 4313.740000000001,
        "ttoiL10": 605.6800000000001,
        "ttoiL5": 300.87,
        "ttoiL3": 182.79,
        "ttoiL1": 60.0,
        "oppTTOI": 4323.820000000001,
        "oppTTOIL10": 605.25,
        "oppTTOIL5": 301.0,
        "oppTTOIL3": 181.82,
        "oppTTOIL1": 59.82
    },
    "nyi": {
        "ttoi": 4441.130000000001,
        "ttoiL10": 596.1,
        "ttoiL5": 298.67,
        "ttoiL3": 178.72,
        "ttoiL1": 58.33,
        "oppTTOI": 4438.469999999999,
        "oppTTOIL10": 600.5699999999999,
        "oppTTOIL5": 300.0,
        "oppTTOIL3": 180.0,
        "oppTTOIL1": 60.0
    },
    "nsh": {
        "ttoi": 4271.53,
        "ttoiL10": 604.76,
        "ttoiL5": 305.72,
        "ttoiL3": 184.8,
        "ttoiL1": 59.83,
        "oppTTOI": 4268.910000000001,
        "oppTTOIL10": 607.37,
        "oppTTOIL5": 303.12,
        "oppTTOIL3": 183.14999999999998,
        "oppTTOIL1": 59.32
    },
    "sea": {
        "ttoi": 4343.17,
        "ttoiL10": 610.5099999999999,
        "ttoiL5": 307.76,
        "ttoiL3": 186.87,
        "ttoiL1": 60.0,
        "oppTTOI": 4288.14,
        "oppTTOIL10": 592.48,
        "oppTTOIL5": 295.67,
        "oppTTOIL3": 178.75,
        "oppTTOIL1": 58.7
    },
    "mtl": {
        "ttoi": 4383.3099999999995,
        "ttoiL10": 605.95,
        "ttoiL5": 297.20000000000005,
        "ttoiL3": 177.93,
        "ttoiL1": 60.0,
        "oppTTOI": 4399.43,
        "oppTTOIL10": 604.04,
        "oppTTOIL5": 299.89,
        "oppTTOIL3": 180.42000000000002,
        "oppTTOIL1": 60.0
    },
    "wsh": {
        "ttoi": 4430.930000000001,
        "ttoiL10": 600.75,
        "ttoiL5": 296.07,
        "ttoiL3": 181.59,
        "ttoiL1": 58.87,
        "oppTTOI": 4457.63,
        "oppTTOIL10": 606.65,
        "oppTTOIL5": 298.65,
        "oppTTOIL3": 180.57,
        "oppTTOIL1": 61.15
    },
    "chi": {
        "ttoi": 4243.729999999999,
        "ttoiL10": 595.35,
        "ttoiL5": 297.8,
        "ttoiL3": 179.78,
        "ttoiL1": 59.78,
        "oppTTOI": 4333.419999999999,
        "oppTTOIL10": 604.98,
        "oppTTOIL5": 300.26,
        "oppTTOIL3": 180.38,
        "oppTTOIL1": 59.83
    },
    "car": {
        "ttoi": 4288.32,
        "ttoiL10": 597.1700000000001,
        "ttoiL5": 296.07,
        "ttoiL3": 177.85,
        "ttoiL1": 60.0,
        "oppTTOI": 4278.17,
        "oppTTOIL10": 606.47,
        "oppTTOIL5": 300.47,
        "oppTTOIL3": 181.05,
        "oppTTOIL1": 60.0
    },
    "tb": {
        "ttoi": 4445.630000000002,
        "ttoiL10": 600.76,
        "ttoiL5": 296.69,
        "ttoiL3": 177.99,
        "ttoiL1": 59.02,
        "oppTTOI": 4449.399999999999,
        "oppTTOIL10": 600.5999999999999,
        "oppTTOIL5": 301.02,
        "oppTTOIL3": 182.62,
        "oppTTOIL1": 59.72
    },
    "fla": {
        "ttoi": 4353.23,
        "ttoiL10": 600.29,
        "ttoiL5": 293.35,
        "ttoiL3": 173.35000000000002,
        "ttoiL1": 58.37,
        "oppTTOI": 4366.03,
        "oppTTOIL10": 596.8,
        "oppTTOIL5": 299.03,
        "oppTTOIL3": 178.75,
        "oppTTOIL1": 61.7
    },
    "la": {
        "ttoi": 4360.8499999999985,
        "ttoiL10": 608.72,
        "ttoiL5": 304.75,
        "ttoiL3": 184.75,
        "ttoiL1": 60.0,
        "oppTTOI": 4336.94,
        "oppTTOIL10": 615.5100000000001,
        "oppTTOIL5": 307.18,
        "oppTTOIL3": 182.66,
        "oppTTOIL1": 58.63
    },
    "buf": {
        "ttoi": 4326.200000000001,
        "ttoiL10": 602.77,
        "ttoiL5": 298.27,
        "ttoiL3": 178.27,
        "ttoiL1": 59.17,
        "oppTTOI": 4315.569999999999,
        "oppTTOIL10": 602.21,
        "oppTTOIL5": 298.46,
        "oppTTOIL3": 178.98,
        "oppTTOIL1": 60.0
    },
    "vgk": {
        "ttoi": 4403.55,
        "ttoiL10": 602.52,
        "ttoiL5": 301.34,
        "ttoiL3": 182.16,
        "ttoiL1": 62.43,
        "oppTTOI": 4383.550000000001,
        "oppTTOIL10": 606.68,
        "oppTTOIL5": 304.2,
        "oppTTOIL3": 184.2,
        "oppTTOIL1": 59.28
    },
    "pit": {
        "ttoi": 4391.53,
        "ttoiL10": 596.3699999999999,
        "ttoiL5": 295.79999999999995,
        "ttoiL3": 177.51999999999998,
        "ttoiL1": 60.0,
        "oppTTOI": 4388.879999999998,
        "oppTTOIL10": 600.17,
        "oppTTOIL5": 297.28999999999996,
        "oppTTOIL3": 177.92,
        "oppTTOIL1": 60.0
    },
    "dal": {
        "ttoi": 4408.74,
        "ttoiL10": 602.0,
        "ttoiL5": 300.3,
        "ttoiL3": 176.9,
        "ttoiL1": 57.72,
        "oppTTOI": 4343.05,
        "oppTTOIL10": 606.2399999999999,
        "oppTTOIL5": 301.76,
        "oppTTOIL3": 184.55,
        "oppTTOIL1": 64.9
    },
    "ari": {
        "ttoi": 4405.24,
        "ttoiL10": 608.46,
        "ttoiL5": 299.54,
        "ttoiL3": 180.01000000000002,
        "ttoiL1": 58.97,
        "oppTTOI": 4406.470000000001,
        "oppTTOIL10": 599.15,
        "oppTTOIL5": 302.38,
        "oppTTOIL3": 182.81,
        "oppTTOIL1": 63.57
    },
    "col": {
        "ttoi": 4258.54,
        "ttoiL10": 599.78,
        "ttoiL5": 294.93,
        "ttoiL3": 174.93,
        "ttoiL1": 59.6,
        "oppTTOI": 4285.130000000001,
        "oppTTOIL10": 600.69,
        "oppTTOIL5": 300.28,
        "oppTTOIL3": 180.6,
        "oppTTOIL1": 60.0
    },
    "phi": {
        "ttoi": 4289.74,
        "ttoiL10": 600.1400000000001,
        "ttoiL5": 305.43,
        "ttoiL3": 185.0,
        "ttoiL1": 60.0,
        "oppTTOI": 4315.969999999999,
        "oppTTOIL10": 602.04,
        "oppTTOIL5": 304.4,
        "oppTTOIL3": 179.82,
        "oppTTOIL1": 59.82
    },
    "nj": {
        "ttoi": 4403.269999999999,
        "ttoiL10": 610.72,
        "ttoiL5": 301.68,
        "ttoiL3": 183.57,
        "ttoiL1": 60.0,
        "oppTTOI": 4395.269999999999,
        "oppTTOIL10": 592.41,
        "oppTTOIL5": 296.66,
        "oppTTOIL3": 178.66,
        "oppTTOIL1": 60.0
    },
    "edm": {
        "ttoi": 4391.269999999999,
        "ttoiL10": 605.81,
        "ttoiL5": 308.56,
        "ttoiL3": 188.56,
        "ttoiL1": 62.43,
        "oppTTOI": 4382.119999999999,
        "oppTTOIL10": 596.1999999999999,
        "oppTTOIL5": 299.46999999999997,
        "oppTTOIL3": 181.52,
        "oppTTOIL1": 60.0
    },
    "bos": {
        "ttoi": 4344.3,
        "ttoiL10": 595.1,
        "ttoiL5": 299.48,
        "ttoiL3": 180.0,
        "ttoiL1": 60.0,