{
    "ana": {
        "ttoi": 1814.5400000000002,
        "ttoiL5": 299.28,
        "ttoiL3": 178.01999999999998,
        "ttoiL1": 60.0,
        "oppTTOI": 1828.3500000000001,
        "oppTTOIL5": 310.82,
        "oppTTOIL3": 186.65,
        "oppTTOIL1": 64.72
    },
    "tor": {
        "ttoi": 1798.18,
        "ttoiL5": 301.24,
        "ttoiL3": 180.69,
        "ttoiL1": 60.0,
        "oppTTOI": 1786.86,
        "oppTTOIL5": 300.97,
        "oppTTOIL3": 182.25,
        "oppTTOIL1": 60.0
    },
    "ott": {
        "ttoi": 1668.45,
        "ttoiL5": 302.24,
        "ttoiL3": 184.51999999999998,
        "ttoiL1": 60.0,
        "oppTTOI": 1685.4000000000005,
        "oppTTOIL5": 297.61,
        "oppTTOIL3": 179.98,
        "oppTTOIL1": 60.0
    },
    "sj": {
        "ttoi": 1857.2499999999993,
        "ttoiL5": 303.19,
        "ttoiL3": 184.24,
        "ttoiL1": 59.9,
        "oppTTOI": 1868.8899999999999,
        "oppTTOIL5": 304.25,
        "oppTTOIL3": 186.76999999999998,
        "oppTTOIL1": 58.019999999999996
    },
    "car": {
        "ttoi": 1696.5300000000002,
        "ttoiL5": 301.71,
        "ttoiL3": 181.93,
        "ttoiL1": 60.0,
        "oppTTOI": 1697.9499999999998,
        "oppTTOIL5": 304.35,
        "oppTTOIL3": 184.93,
        "oppTTOIL1": 61.93
    },
    "wpg": {
        "ttoi": 1672.6,
        "ttoiL5": 296.93,
        "ttoiL3": 177.18,
        "ttoiL1": 58.83,
        "oppTTOI": 1656.4099999999999,
        "oppTTOIL5": 297.53999999999996,
        "oppTTOIL3": 178.47,
        "oppTTOIL1": 59.33
    },
    "min": {
        "ttoi": 1686.2199999999998,
        "ttoiL5": 300.34,
        "ttoiL3": 177.39,
        "ttoiL1": 59.72,
        "oppTTOI": 1698.1199999999997,
        "oppTTOIL5": 308.64,
        "oppTTOIL3": 182.62,
        "oppTTOIL1": 64.15
    },
    "dal": {
        "ttoi": 1811.3400000000001,
        "ttoiL5": 306.90999999999997,
        "ttoiL3": 184.01,
        "ttoiL1": 60.0,
        "oppTTOI": 1809.17,
        "oppTTOIL5": 298.65,
        "oppTTOIL3": 179.57,
        "oppTTOIL1": 59.65
    },
    "nsh": {
        "ttoi": 1620.56,
        "ttoiL5": 298.92,
        "ttoiL3": 181.15,
        "ttoiL1": 59.3,
        "oppTTOI": 1628.07,
        "oppTTOIL5": 246.73,
        "oppTTOIL3": 128.82999999999998,
        "oppTTOIL1": 63.83
    },
    "sea": {
        "ttoi": 1681.9199999999998,
        "ttoiL5": 296.21,
        "ttoiL3": 178.60999999999999,
        "ttoiL1": 59.88,
        "oppTTOI": 1674.8300000000004,
        "oppTTOIL5": 298.3,
        "oppTTOIL3": 179.98,
        "oppTTOIL1": 59.129999999999995
    },
    "nyr": {
        "ttoi": 1807.85,
        "ttoiL5": 304.06,
        "ttoiL3": 186.48,
        "ttoiL1": 62.25,
        "oppTTOI": 1812.89,
        "oppTTOIL5": 298.33000000000004,
        "oppTTOIL3": 179.18,
        "oppTTOIL1": 60.0
    },
    "stl": {
        "ttoi": 1732.9400000000003,
        "ttoiL5": 298.03999999999996,
        "ttoiL3": 181.26,
        "ttoiL1": 62.1,
        "oppTTOI": 1737.4800000000002,
        "oppTTOIL5": 297.7,
        "oppTTOIL3": 178.2,
        "oppTTOIL1": 58.6
    },
    "det": {
        "ttoi": 1697.26,
        "ttoiL5": 302.31,
        "ttoiL3": 182.31,
        "ttoiL1": 57.83,
        "oppTTOI": 1687.1000000000001,
        "oppTTOIL5": 310.45,
        "oppTTOIL3": 185.7,
        "oppTTOIL1": 62.85
    },
    "chi": {
        "ttoi": 1547.8100000000002,
        "ttoiL5": 297.84000000000003,
        "ttoiL3": 177.84,
        "ttoiL1": 60.0,
        "oppTTOI": 1630.27,
        "oppTTOIL5": 298.48,
        "oppTTOIL3": 178.78,
        "oppTTOIL1": 58.3
    },
    "fla": {
        "ttoi": 1790.18,
        "ttoiL5": 299.15999999999997,
        "ttoiL3": 179.22,
        "ttoiL1": 60.0,
        "oppTTOI": 1793.6800000000003,
        "oppTTOIL5": 297.59000000000003,
        "oppTTOIL3": 177.92000000000002,
        "oppTTOIL1": 59.17
    },
    "van": {
        "ttoi": 1680.9799999999998,
        "ttoiL5": 306.56,
        "ttoiL3": 183.39999999999998,
        "ttoiL1": 59.55,
        "oppTTOI": 1690.5200000000002,
        "oppTTOIL5": 300.71000000000004,
        "oppTTOIL3": 182.78,
        "oppTTOIL1": 59.05
    },
    "vgk": {
        "ttoi": 1864.7200000000003,
        "ttoiL5": 305.85,
        "ttoiL3": 180.9,
        "ttoiL1": 60.0,
        "oppTTOI": 1855.08,
        "oppTTOIL5": 302.48,
        "oppTTOIL3": 179.88,
        "oppTTOIL1": 60.0
    },
    "tb": {
        "ttoi": 1681.0100000000004,
        "ttoiL5": 298.37,
        "ttoiL3": 179.9,
        "ttoiL1": 60.0,
        "oppTTOI": 1683.2600000000002,
        "oppTTOIL5": 300.25,
        "oppTTOIL3": 177.9,
        "oppTTOIL1": 57.9
    },
    "bos": {
        "ttoi": 1698.31,
        "ttoiL5": 307.75,
        "ttoiL3": 183.65,
        "ttoiL1": 64.33,
        "oppTTOI": 1684.2599999999998,
        "oppTTOIL5": 307.62,
        "oppTTOIL3": 184.3,
        "oppTTOIL1": 64.83
    },
    "nj": {
        "ttoi": 1735.0,
        "ttoiL5": 292.23,
        "ttoiL3": 172.33,
        "ttoiL1": 58.2,
        "oppTTOI": 1717.7599999999993,
        "oppTTOIL5": 291.82,
        "oppTTOIL3": 173.44,
        "oppTTOIL1": 58.28
    },
    "nyi": {
        "ttoi": 1791.06,
        "ttoiL5": 303.6,
        "ttoiL3": 185.0,
        "ttoiL1": 65.0,
        "oppTTOI": 1790.19,
        "oppTTOIL5": 304.13,
        "oppTTOIL3": 184.32999999999998,
        "oppTTOIL1": 60.0
    },
    "ari": {
        "ttoi": 1625.8700000000001,
        "ttoiL5": 300.18,
        "ttoiL3": 182.26,
        "ttoiL1": 57.68,
        "oppTTOI": 1627.13,
        "oppTTOIL5": 294.08000000000004,
        "oppTTOIL3": 179.12,
        "oppTTOIL1": 59.32
    },
    "phi": {
        "ttoi": 1807.0,
        "ttoiL5": 302.32,
        "ttoiL3": 184.1,
        "ttoiL1": 56.33,
        "oppTTOI": 1803.85,
        "oppTTOIL5": 311.51,
        "oppTTOIL3": 188.26999999999998,
        "oppTTOIL1": 64.58
    },
    "edm": {
        "ttoi": 1786.9499999999998,
        "ttoiL5": 297.39,
        "ttoiL3": 178.96,
        "ttoiL1": 59.83,
        "oppTTOI": 1781.4899999999998,
        "oppTTOIL5": 297.14000000000004,
        "oppTTOIL3": 179.8,
        "oppTTOIL1": 59.8
    },
    "cgy": {
        "ttoi": 1749.0400000000004,
        "ttoiL5": 300.22,
        "ttoiL3": 180.45,
        "ttoiL1": 64.7,
        "oppTTOI": 1747.8099999999997,
        "oppTTOIL5": 301.82,
        "oppTTOIL3": 177.51999999999998,
        "oppTTOIL1": 58.12
    },
    "la": {
        "ttoi": 1925.07,
        "ttoiL5": 300.58,
        "ttoiL3": 180.60999999999999,
        "ttoiL1": 60.0,
        "oppTTOI": 1912.89,
        "oppTTOIL5": 299.52,
        "oppTTOIL3": 179.2,
        "oppTTOIL1": 59.52
    },
    "buf": {
        "ttoi": 1735.95,
        "ttoiL5": 299.49,
        "ttoiL3": 179.69,
        "ttoiL1": 59.83,
        "oppTTOI": 1680.0,
        "oppTTOIL5": 298.87,
        "oppTTOIL3": 179.9,
        "oppTTOIL1": 60.0
    },
    "wsh": {
        "ttoi": 1852.6699999999998,
        "ttoiL5": 299.06,
        "ttoiL3": 179.73,
        "ttoiL1": 59.73,
        "oppTTOI": 1853.9199999999998,
        "oppTTOIL5": 304.9,
        "oppTTOIL3": 184.9,
        "oppTTOIL1": 60.0
    },
    "cbj": {
        "ttoi": 1677.03,
        "ttoiL5": 296.8,
        "ttoiL3": 179.7,
        "ttoiL1": 59.3,
        "oppTTOI": 1671.48,
        "oppTTOIL5": 294.6,
        "oppTTOIL3": 179.57,
        "oppTTOIL1": 60.0
    },
    "mtl": {
        "ttoi": 1686.0600000000002,
        "ttoiL5": 301.32,
        "ttoiL3": 183.82999999999998,
        "ttoiL1": 65.0,
        "oppTTOI": 1695.8799999999999,
        "oppTTOIL5": 296.77,
        "oppTTOIL3": 178.82,
        "oppTTOIL1": 59.47
    },
    "pit": {
        "ttoi": 1746.6300000000003,
        "ttoiL5": 300.45000000000005,
        "ttoiL3": 181.10000000000002,
        "ttoiL1": 59.92,
        "oppTTOI": 1741.1700000000003,
        "oppTTOIL5": 302.54999999999995,
        "oppTTOIL3": 181.07,
        "oppTTOIL1": 59.67
    },
    "col": {
        "ttoi": 1623.8400000000001,