{
    "ana": {
        "ttoi": 4111.63,
        "ttoiL10": 599.3299999999999,
        "ttoiL5": 298.34999999999997,
        "ttoiL3": 179.32,
        "ttoiL1": 60.0,
        "oppTTOI": 4109.969999999999,
        "oppTTOIL10": 603.37,
        "oppTTOIL5": 307.77,
        "oppTTOIL3": 183.05,
        "oppTTOIL1": 63.57
    },
    "nyi": {
        "ttoi": 4202.410000000001,
        "ttoiL10": 601.01,
        "ttoiL5": 297.40999999999997,
        "ttoiL3": 177.76,
        "ttoiL1": 59.95,
        "oppTTOI": 4199.110000000001,
        "oppTTOIL10": 601.1,
        "oppTTOIL5": 300.0,
        "oppTTOIL3": 180.0,
        "oppTTOIL1": 60.0
    },
    "nsh": {
        "ttoi": 3965.81,
        "ttoiL10": 601.81,
        "ttoiL5": 299.03999999999996,
        "ttoiL3": 178.82,
        "ttoiL1": 57.62,
        "oppTTOI": 3963.74,
        "oppTTOIL10": 606.59,
        "oppTTOIL5": 303.12,
        "oppTTOIL3": 183.14999999999998,
        "oppTTOIL1": 59.32
    },
    "cgy": {
        "ttoi": 4162.25,
        "ttoiL10": 608.67,
        "ttoiL5": 306.65,
        "ttoiL3": 183.17000000000002,
        "ttoiL1": 60.0,
        "oppTTOI": 4166.259999999998,
        "oppTTOIL10": 607.22,
        "oppTTOIL5": 303.69,
        "oppTTOIL3": 185.57,
        "oppTTOIL1": 60.0
    },
    "van": {
        "ttoi": 4025.28,
        "ttoiL10": 604.19,
        "ttoiL5": 302.36,
        "ttoiL3": 177.61,
        "ttoiL1": 57.95,
        "oppTTOI": 4046.6400000000017,
        "oppTTOIL10": 605.69,
        "oppTTOIL5": 302.76,
        "oppTTOIL3": 179.03,
        "oppTTOIL1": 60.33
    },
    "sea": {
        "ttoi": 4097.03,
        "ttoiL10": 607.48,
        "ttoiL5": 303.45000000000005,
        "ttoiL3": 185.05,
        "ttoiL1": 61.62,
        "oppTTOI": 4044.13,
        "oppTTOIL10": 592.48,
        "oppTTOIL5": 295.67,
        "oppTTOIL3": 178.75,
        "oppTTOIL1": 58.7
    },
    "mtl": {
        "ttoi": 4146.11,
        "ttoiL10": 603.1600000000001,
        "ttoiL5": 303.75,
        "ttoiL3": 179.97,
        "ttoiL1": 60.0,
        "oppTTOI": 4160.18,
        "oppTTOIL10": 601.99,
        "oppTTOIL5": 299.89,
        "oppTTOIL3": 180.42000000000002,
        "oppTTOIL1": 60.0
    },
    "wsh": {
        "ttoi": 4134.860000000001,
        "ttoiL10": 603.78,
        "ttoiL5": 304.68,
        "ttoiL3": 181.68,
        "ttoiL1": 64.53,
        "oppTTOI": 4156.21,
        "oppTTOIL10": 606.65,
        "oppTTOIL5": 298.65,
        "oppTTOIL3": 180.57,
        "oppTTOIL1": 61.15
    },
    "chi": {
        "ttoi": 4005.9299999999994,
        "ttoiL10": 592.84,
        "ttoiL5": 297.54999999999995,
        "ttoiL3": 179.32999999999998,
        "ttoiL1": 60.0,
        "oppTTOI": 4093.5399999999995,
        "oppTTOIL10": 605.58,
        "oppTTOIL5": 304.0,
        "oppTTOIL3": 180.38,
        "oppTTOIL1": 59.83
    },
    "car": {
        "ttoi": 3992.25,
        "ttoiL10": 597.27,
        "ttoiL5": 301.1,
        "ttoiL3": 176.35,
        "ttoiL1": 60.0,
        "oppTTOI": 3980.9900000000007,
        "oppTTOIL10": 606.47,
        "oppTTOIL5": 300.47,
        "oppTTOIL3": 181.05,
        "oppTTOIL1": 60.0
    },
    "tb": {
        "ttoi": 4148.94,
        "ttoiL10": 599.75,
        "ttoiL5": 304.07,
        "ttoiL3": 183.1,
        "ttoiL1": 65.0,
        "oppTTOI": 4150.2,
        "oppTTOIL10": 603.3299999999999,
        "oppTTOIL5": 299.02,
        "oppTTOIL3": 182.62,
        "oppTTOIL1": 59.72
    },
    "fla": {
        "ttoi": 4059.8799999999997,
        "ttoiL10": 602.3100000000001,
        "ttoiL5": 306.94,
        "ttoiL3": 186.94,
        "ttoiL1": 60.0,
        "oppTTOI": 4068.92,
        "oppTTOIL10": 596.8,
        "oppTTOIL5": 299.03,
        "oppTTOIL3": 178.75,
        "oppTTOIL1": 61.7
    },
    "la": {
        "ttoi": 4176.0999999999985,
        "ttoiL10": 608.97,
        "ttoiL5": 305.0,
        "ttoiL3": 185.0,
        "ttoiL1": 60.0,
        "oppTTOI": 4152.0199999999995,
        "oppTTOIL10": 615.5100000000001,
        "oppTTOIL5": 307.18,
        "oppTTOIL3": 182.66,
        "oppTTOIL1": 58.63
    },
    "buf": {
        "ttoi": 4027.9300000000007,
        "ttoiL10": 601.3799999999999,
        "ttoiL5": 304.5,
        "ttoiL3": 187.03,
        "ttoiL1": 65.0,
        "oppTTOI": 4019.1899999999996,
        "oppTTOIL10": 602.73,
        "oppTTOIL5": 298.98,
        "oppTTOIL3": 178.98,
        "oppTTOIL1": 60.0
    },
    "vgk": {
        "ttoi": 4161.39,
        "ttoiL10": 605.08,
        "ttoiL5": 302.33,
        "ttoiL3": 179.18,
        "ttoiL1": 59.18,
        "oppTTOI": 4145.63,
        "oppTTOIL10": 606.68,
        "oppTTOIL5": 304.2,
        "oppTTOIL3": 184.2,
        "oppTTOIL1": 59.28
    },
    "pit": {
        "ttoi": 4095.73,
        "ttoiL10": 605.0799999999999,
        "ttoiL5": 300.57,
        "ttoiL3": 178.76999999999998,
        "ttoiL1": 58.7,
        "oppTTOI": 4094.679999999999,
        "oppTTOIL10": 600.17,
        "oppTTOIL5": 297.28999999999996,
        "oppTTOIL3": 177.92,
        "oppTTOIL1": 60.0
    },
    "dal": {
        "ttoi": 4167.06,
        "ttoiL10": 600.65,
        "ttoiL5": 300.44,
        "ttoiL3": 177.94,
        "ttoiL1": 58.62,
        "oppTTOI": 4098.73,
        "oppTTOIL10": 606.2399999999999,
        "oppTTOIL5": 301.76,
        "oppTTOIL3": 184.55,
        "oppTTOIL1": 64.9
    },
    "ari": {
        "ttoi": 4165.349999999999,
        "ttoiL10": 605.5,
        "ttoiL5": 308.57,
        "ttoiL3": 186.97,
        "ttoiL1": 59.65,
        "oppTTOI": 4167.47,
        "oppTTOIL10": 599.15,
        "oppTTOIL5": 302.38,
        "oppTTOIL3": 182.81,
        "oppTTOIL1": 63.57
    },
    "col": {
        "ttoi": 4023.61,
        "ttoiL10": 603.5500000000001,
        "ttoiL5": 304.85,
        "ttoiL3": 185.0,
        "ttoiL1": 60.0,
        "oppTTOI": 4046.9400000000005,
        "oppTTOIL10": 601.57,
        "oppTTOIL5": 301.23,
        "oppTTOIL3": 181.63,
        "oppTTOIL1": 60.0
    },
    "cbj": {
        "ttoi": 4012.8700000000003,
        "ttoiL10": 605.18,
        "ttoiL5": 304.81,
        "ttoiL3": 182.06,
        "ttoiL1": 59.83,
        "oppTTOI": 4020.61,
        "oppTTOIL10": 605.4300000000001,
        "oppTTOIL5": 300.75,
        "oppTTOIL3": 182.0,
        "oppTTOIL1": 60.0
    },
    "phi": {
        "ttoi": 3984.3099999999995,
        "ttoiL10": 594.42,
        "ttoiL5": 294.71000000000004,
        "ttoiL3": 174.83,
        "ttoiL1": 58.35,
        "oppTTOI": 4019.5099999999998,
        "oppTTOIL10": 607.79,
        "oppTTOIL5": 304.4,
        "oppTTOIL3": 179.82,
        "oppTTOIL1": 59.82
    },
    "nj": {
        "ttoi": 4101.589999999999,
        "ttoiL10": 612.15,
        "ttoiL5": 309.03999999999996,
        "ttoiL3": 184.29,
        "ttoiL1": 64.6,
        "oppTTOI": 4092.8799999999997,
        "oppTTOIL10": 597.5600000000001,
        "oppTTOIL5": 296.66,
        "oppTTOIL3": 178.66,
        "oppTTOIL1": 60.0
    },
    "edm": {
        "ttoi": 4142.71,
        "ttoiL10": 594.88,
        "ttoiL5": 298.6,
        "ttoiL3": 178.6,
        "ttoiL1": 60.0,
        "oppTTOI": 4134.15,
        "oppTTOIL10": 594.2299999999999,
        "oppTTOIL5": 297.68,
        "oppTTOIL3": 179.8,
        "oppTTOIL1": 60.0
    },
    "bos": {
        "ttoi": 4044.8200000000006,
        "ttoiL10": 599.65,
        "ttoiL5": 295.62,
        "ttoiL3": 177.47,
        "ttoiL1": 60.0,
        "oppTTOI": 4010.9900000000002,
        "oppTTOIL10": 606.82,
        "oppTTOIL5": 303.27,
        "oppTTOIL3": 184.82999999999998,
        "oppTTOIL1": 60.0
    },
    "sj": {
        "ttoi": 4142.41,
        "ttoiL10": 604.93,
        "ttoiL5": 303.58,
        "ttoiL3": 184.48,
        "ttoiL1": 61.63,
        "oppTTOI": 4162.55,
        "oppTTOIL10": 602.49,
        "oppTTOIL5": 305.49,
        "oppTTOIL3": 183.42000000000002,
        "oppTTOIL1": 61.1
    },
    "min": {
        "ttoi": 4113.17,
        "ttoiL10": 618.6,
        "ttoiL5": 308.97,
        "ttoiL3": 183.97,
        "ttoiL1": 60.0,
        "oppTTOI": 4124.090000000001,