{
    "ana": {
        "ttoi": 2180.8599999999997,
        "ttoiL10": 606.27,
        "ttoiL5": 306.32,
        "ttoiL3": 186.84,
        "ttoiL1": 64.92,
        "oppTTOI": 2191.71,
        "oppTTOIL10": 610.82,
        "oppTTOIL5": 308.52,
        "oppTTOIL3": 188.52,
        "oppTTOIL1": 64.72
    },
    "vgk": {
        "ttoi": 2288.9300000000003,
        "ttoiL10": 605.11,
        "ttoiL5": 305.40999999999997,
        "ttoiL3": 187.94,
        "ttoiL1": 64.43,
        "oppTTOI": 2283.6,
        "oppTTOIL10": 612.4000000000001,
        "oppTTOIL5": 304.8,
        "oppTTOIL3": 184.92000000000002,
        "oppTTOIL1": 64.92
    },
    "cgy": {
        "ttoi": 2236.2700000000004,
        "ttoiL10": 612.6500000000001,
        "ttoiL5": 303.6,
        "ttoiL3": 180.3,
        "ttoiL1": 59.75,
        "oppTTOI": 2233.5099999999998,
        "oppTTOIL10": 601.8,
        "oppTTOIL5": 299.91999999999996,
        "oppTTOIL3": 179.92,
        "oppTTOIL1": 62.4
    },
    "min": {
        "ttoi": 2044.1,
        "ttoiL10": 593.22,
        "ttoiL5": 298.3,
        "ttoiL3": 178.3,
        "ttoiL1": 60.0,
        "oppTTOI": 2052.8499999999995,
        "oppTTOIL10": 612.61,
        "oppTTOIL5": 306.96000000000004,
        "oppTTOIL3": 183.67000000000002,
        "oppTTOIL1": 59.52
    },
    "la": {
        "ttoi": 2303.17,
        "ttoiL10": 618.71,
        "ttoiL5": 313.3,
        "ttoiL3": 188.3,
        "ttoiL1": 60.0,
        "oppTTOI": 2289.25,
        "oppTTOIL10": 617.07,
        "oppTTOIL5": 308.55,
        "oppTTOIL3": 184.0,
        "oppTTOIL1": 59.48
    },
    "edm": {
        "ttoi": 2150.13,
        "ttoiL10": 602.1399999999999,
        "ttoiL5": 298.17999999999995,
        "ttoiL3": 177.82,
        "ttoiL1": 60.0,
        "oppTTOI": 2146.2499999999995,
        "oppTTOIL10": 594.72,
        "oppTTOIL5": 298.47,
        "oppTTOIL3": 179.8,
        "oppTTOIL1": 60.0
    },
    "mtl": {
        "ttoi": 2104.7,
        "ttoiL10": 602.4699999999999,
        "ttoiL5": 301.42999999999995,
        "ttoiL3": 180.54999999999998,
        "ttoiL1": 60.0,
        "oppTTOI": 2117.4100000000003,
        "oppTTOIL10": 605.79,
        "oppTTOIL5": 299.24,
        "oppTTOIL3": 179.89,
        "oppTTOIL1": 60.0
    },
    "tor": {
        "ttoi": 2099.78,
        "ttoiL10": 602.8399999999999,
        "ttoiL5": 301.59999999999997,
        "ttoiL3": 182.23,
        "ttoiL1": 64.05,
        "oppTTOI": 2087.91,
        "oppTTOIL10": 598.28,
        "oppTTOIL5": 300.97,
        "oppTTOIL3": 182.25,
        "oppTTOIL1": 60.0
    },
    "ott": {
        "ttoi": 2032.59,
        "ttoiL10": 606.63,
        "ttoiL5": 304.21999999999997,
        "ttoiL3": 187.07,
        "ttoiL1": 65.0,
        "oppTTOI": 2049.05,
        "oppTTOIL10": 602.94,
        "oppTTOIL5": 304.23,
        "oppTTOIL3": 179.98,
        "oppTTOIL1": 60.0
    },
    "sj": {
        "ttoi": 2158.5499999999993,
        "ttoiL10": 604.49,
        "ttoiL5": 301.3,
        "ttoiL3": 178.47,
        "ttoiL1": 60.0,
        "oppTTOI": 2172.11,
        "oppTTOIL10": 599.95,
        "oppTTOIL5": 304.25,
        "oppTTOIL3": 186.76999999999998,
        "oppTTOIL1": 58.019999999999996
    },
    "car": {
        "ttoi": 2119.16,
        "ttoiL10": 604.56,
        "ttoiL5": 300.31,
        "ttoiL3": 180.33,
        "ttoiL1": 60.0,
        "oppTTOI": 2113.9799999999996,
        "oppTTOIL10": 609.34,
        "oppTTOIL5": 304.35,
        "oppTTOIL3": 184.93,
        "oppTTOIL1": 61.93
    },
    "wpg": {
        "ttoi": 2089.96,
        "ttoiL10": 594.54,
        "ttoiL5": 293.84,
        "ttoiL3": 175.32999999999998,
        "ttoiL1": 59.53,
        "oppTTOI": 2079.1099999999997,
        "oppTTOIL10": 574.61,
        "oppTTOIL5": 297.19,
        "oppTTOIL3": 178.47,
        "oppTTOIL1": 59.33
    },
    "dal": {
        "ttoi": 2173.1200000000003,
        "ttoiL10": 610.31,
        "ttoiL5": 301.78,
        "ttoiL3": 179.63,
        "ttoiL1": 60.0,
        "oppTTOI": 2165.2200000000007,
        "oppTTOIL10": 608.28,
        "oppTTOIL5": 300.19,
        "oppTTOIL3": 179.57,
        "oppTTOIL1": 59.65
    },
    "nsh": {
        "ttoi": 1988.8099999999997,
        "ttoiL10": 607.17,
        "ttoiL5": 304.73,
        "ttoiL3": 183.5,
        "ttoiL1": 59.38,
        "oppTTOI": 1995.76,
        "oppTTOIL10": 608.82,
        "oppTTOIL5": 305.2,
        "oppTTOIL3": 188.82999999999998,
        "oppTTOIL1": 63.83
    },
    "sea": {
        "ttoi": 1984.1200000000001,
        "ttoiL10": 598.41,
        "ttoiL5": 302.2,
        "ttoiL3": 183.62,
        "ttoiL1": 58.62,
        "oppTTOI": 1977.2800000000004,
        "oppTTOIL10": 597.14,
        "oppTTOIL5": 299.98,
        "oppTTOIL3": 179.98,
        "oppTTOIL1": 59.129999999999995
    },
    "nyr": {
        "ttoi": 2163.55,
        "ttoiL10": 602.18,
        "ttoiL5": 295.7,
        "ttoiL3": 175.7,
        "ttoiL1": 58.1,
        "oppTTOI": 2169.5099999999998,
        "oppTTOIL10": 608.33,
        "oppTTOIL5": 298.33000000000004,
        "oppTTOIL3": 179.18,
        "oppTTOIL1": 60.0
    },
    "stl": {
        "ttoi": 2105.96,
        "ttoiL10": 614.28,
        "ttoiL5": 308.69,
        "ttoiL3": 188.87,
        "ttoiL1": 64.05,
        "oppTTOI": 2111.2400000000002,
        "oppTTOIL10": 595.82,
        "oppTTOIL5": 297.7,
        "oppTTOIL3": 178.2,
        "oppTTOIL1": 58.6
    },
    "det": {
        "ttoi": 2000.7500000000002,
        "ttoiL10": 605.8,
        "ttoiL5": 303.49,
        "ttoiL3": 186.25,
        "ttoiL1": 61.62,
        "oppTTOI": 1991.6999999999998,
        "oppTTOIL10": 609.04,
        "oppTTOIL5": 310.45,
        "oppTTOIL3": 185.7,
        "oppTTOIL1": 62.85
    },
    "chi": {
        "ttoi": 1964.9600000000003,
        "ttoiL10": 594.59,
        "ttoiL5": 298.15,
        "ttoiL3": 178.47,
        "ttoiL1": 60.0,
        "oppTTOI": 1990.04,
        "oppTTOIL10": 600.52,
        "oppTTOIL5": 298.73,
        "oppTTOIL3": 178.78,
        "oppTTOIL1": 58.3
    },
    "fla": {
        "ttoi": 2086.4,
        "ttoiL10": 595.3800000000001,
        "ttoiL5": 296.22,
        "ttoiL3": 177.12,
        "ttoiL1": 58.75,
        "oppTTOI": 2091.42,
        "oppTTOIL10": 593.6800000000001,
        "oppTTOIL5": 297.74,
        "oppTTOIL3": 178.99,
        "oppTTOIL1": 59.17
    },
    "van": {
        "ttoi": 2049.44,
        "ttoiL10": 615.91,
        "ttoiL5": 303.46,
        "ttoiL3": 183.55,
        "ttoiL1": 60.0,
        "oppTTOI": 2056.9900000000002,
        "oppTTOIL10": 604.49,
        "oppTTOIL5": 300.71000000000004,
        "oppTTOIL3": 182.78,
        "oppTTOIL1": 59.05
    },
    "tb": {
        "ttoi": 1978.7600000000002,
        "ttoiL10": 596.12,
        "ttoiL5": 297.75,
        "ttoiL3": 178.15,
        "ttoiL1": 59.88,
        "oppTTOI": 1982.39,
        "oppTTOIL10": 607.82,
        "oppTTOIL5": 300.25,
        "oppTTOIL3": 177.9,
        "oppTTOIL1": 57.9
    },
    "bos": {
        "ttoi": 2126.27,
        "ttoiL10": 611.61,
        "ttoiL5": 304.06,
        "ttoiL3": 184.59,
        "ttoiL1": 59.82,
        "oppTTOI": 2105.1,
        "oppTTOIL10": 603.9,
        "oppTTOIL5": 307.62,
        "oppTTOIL3": 184.3,
        "oppTTOIL1": 64.83
    },
    "nj": {
        "ttoi": 2087.0,
        "ttoiL10": 584.3,
        "ttoiL5": 294.17999999999995,
        "ttoiL3": 176.20999999999998,
        "ttoiL1": 57.58,
        "oppTTOI": 2075.95,
        "oppTTOIL10": 593.99,
        "oppTTOIL5": 293.26,
        "oppTTOIL3": 176.28,
        "oppTTOIL1": 58.28
    },
    "nyi": {
        "ttoi": 2152.36,
        "ttoiL10": 605.3499999999999,
        "ttoiL5": 303.7,
        "ttoiL3": 178.7,
        "ttoiL1": 59.98,
        "oppTTOI": 2152.2100000000005,
        "oppTTOIL10": 606.87,
        "oppTTOIL5": 304.33,
        "oppTTOIL3": 180.0,
        "oppTTOIL1": 60.0
    },
    "ari": {
        "ttoi": 1990.2700000000004,
        "ttoiL10": 606.46,
        "ttoiL5": 304.40000000000003,
        "ttoiL3": 185.0,
        "ttoiL1": 60.0,