{
    "pit": {
        "ttoi": 1984.5300000000002,
        "ttoiL10": 598.3500000000001,
        "ttoiL5": 297.82000000000005,
        "ttoiL3": 177.95000000000002,
        "ttoiL1": 60.38,
        "oppTTOI": 1978.76,
        "oppTTOIL10": 603.07,
        "oppTTOIL5": 305.59,
        "oppTTOIL3": 178.43,
        "oppTTOIL1": 58.07
    },
    "car": {
        "ttoi": 2059.16,
        "ttoiL10": 604.41,
        "ttoiL5": 302.63,
        "ttoiL3": 180.33,
        "ttoiL1": 59.95,
        "oppTTOI": 2053.9799999999996,
        "oppTTOIL10": 601.18,
        "oppTTOIL5": 301.71,
        "oppTTOIL3": 179.78,
        "oppTTOIL1": 60.38
    },
    "nyr": {
        "ttoi": 2105.4500000000003,
        "ttoiL10": 601.6600000000001,
        "ttoiL5": 297.6,
        "ttoiL3": 177.6,
        "ttoiL1": 59.47,
        "oppTTOI": 2109.5099999999998,
        "oppTTOIL10": 600.63,
        "oppTTOIL5": 299.13,
        "oppTTOIL3": 179.95,
        "oppTTOIL1": 59.95
    },
    "fla": {
        "ttoi": 2086.4,
        "ttoiL10": 595.3800000000001,
        "ttoiL5": 296.22,
        "ttoiL3": 177.12,
        "ttoiL1": 58.75,
        "oppTTOI": 2091.42,
        "oppTTOIL10": 605.99,
        "oppTTOIL5": 301.09000000000003,
        "oppTTOIL3": 179.12,
        "oppTTOIL1": 59.95
    },
    "dal": {
        "ttoi": 2113.12,
        "ttoiL10": 608.6899999999999,
        "ttoiL5": 301.78,
        "ttoiL3": 179.63,
        "ttoiL1": 59.93,
        "oppTTOI": 2105.8399999999997,
        "oppTTOIL10": 604.3100000000001,
        "oppTTOIL5": 300.97,
        "oppTTOIL3": 178.65,
        "oppTTOIL1": 59.92
    },
    "buf": {
        "ttoi": 1915.6000000000004,
        "ttoiL10": 603.71,
        "ttoiL5": 297.86,
        "ttoiL3": 179.65,
        "ttoiL1": 60.0,
        "oppTTOI": 1914.18,
        "oppTTOIL10": 601.98,
        "oppTTOIL5": 299.03000000000003,
        "oppTTOIL3": 179.68,
        "oppTTOIL1": 59.73
    },
    "cbj": {
        "ttoi": 1971.1200000000001,
        "ttoiL10": 590.89,
        "ttoiL5": 294.09,
        "ttoiL3": 177.24,
        "ttoiL1": 59.769999999999996,
        "oppTTOI": 1970.26,
        "oppTTOIL10": 593.71,
        "oppTTOIL5": 294.11,
        "oppTTOIL3": 179.07999999999998,
        "oppTTOIL1": 59.78
    },
    "stl": {
        "ttoi": 2041.9100000000003,
        "ttoiL10": 607.01,
        "ttoiL5": 308.96999999999997,
        "ttoiL3": 184.64,
        "ttoiL1": 65.0,
        "oppTTOI": 2047.19,
        "oppTTOIL10": 598.22,
        "oppTTOIL5": 295.93,
        "oppTTOIL3": 178.15,
        "oppTTOIL1": 59.57
    },
    "vgk": {
        "ttoi": 2165.7200000000003,
        "ttoiL10": 606.8500000000001,
        "ttoiL5": 301.0,
        "ttoiL3": 182.2,
        "ttoiL1": 64.73,
        "oppTTOI": 2158.6800000000003,
        "oppTTOIL10": 591.52,
        "oppTTOIL5": 296.83,
        "oppTTOIL3": 176.82999999999998,
        "oppTTOIL1": 60.0
    },
    "tor": {
        "ttoi": 2035.7300000000002,
        "ttoiL10": 598.11,
        "ttoiL5": 297.55,
        "ttoiL3": 178.18,
        "ttoiL1": 58.65,
        "oppTTOI": 2023.8600000000001,
        "oppTTOIL10": 595.8599999999999,
        "oppTTOIL5": 301.6,
        "oppTTOIL3": 179.35,
        "oppTTOIL1": 60.0
    },
    "phi": {
        "ttoi": 2100.71,
        "ttoiL10": 596.03,
        "ttoiL5": 293.71,
        "ttoiL3": 175.13,
        "ttoiL1": 57.3,
        "oppTTOI": 2099.44,
        "oppTTOIL10": 600.66,
        "oppTTOIL5": 303.9,
        "oppTTOIL3": 179.95,
        "oppTTOIL1": 60.0
    },
    "cgy": {
        "ttoi": 2117.84,
        "ttoiL10": 609.02,
        "ttoiL5": 305.17,
        "ttoiL3": 185.17000000000002,
        "ttoiL1": 61.87,
        "oppTTOI": 2114.890000000001,
        "oppTTOIL10": 610.74,
        "oppTTOIL5": 303.32,
        "oppTTOIL3": 187.02,
        "oppTTOIL1": 65.0
    },
    "chi": {
        "ttoi": 1904.9600000000003,
        "ttoiL10": 594.59,
        "ttoiL5": 296.75,
        "ttoiL3": 178.47,
        "ttoiL1": 60.0,
        "oppTTOI": 1930.0400000000002,
        "oppTTOIL10": 600.52,
        "oppTTOIL5": 300.14,
        "oppTTOIL3": 177.92,
        "oppTTOIL1": 60.0
    },
    "wpg": {
        "ttoi": 2030.43,
        "ttoiL10": 594.76,
        "ttoiL5": 294.31,
        "ttoiL3": 175.13,
        "ttoiL1": 58.05,
        "oppTTOI": 2019.1100000000001,
        "oppTTOIL10": 574.89,
        "oppTTOIL5": 276.75,
        "oppTTOIL3": 177.82,
        "oppTTOIL1": 60.0
    },
    "min": {
        "ttoi": 1984.1,
        "ttoiL10": 598.22,
        "ttoiL5": 297.88,
        "ttoiL3": 178.3,
        "ttoiL1": 58.3,
        "oppTTOI": 1993.3199999999997,
        "oppTTOIL10": 613.4,
        "oppTTOIL5": 307.85,
        "oppTTOIL3": 184.18,
        "oppTTOIL1": 59.5
    },
    "mtl": {
        "ttoi": 2044.7,
        "ttoiL10": 602.69,
        "ttoiL5": 300.21000000000004,
        "ttoiL3": 181.6,
        "ttoiL1": 58.82,
        "oppTTOI": 2057.53,
        "oppTTOIL10": 618.12,
        "oppTTOIL5": 309.1,
        "oppTTOIL3": 189.1,
        "oppTTOIL1": 60.95
    },
    "wsh": {
        "ttoi": 2156.13,
        "ttoiL10": 602.52,
        "ttoiL5": 303.46,
        "ttoiL3": 186.03,
        "ttoiL1": 59.6,
        "oppTTOI": 2158.67,
        "oppTTOIL10": 609.31,
        "oppTTOIL5": 304.9,
        "oppTTOIL3": 184.9,
        "oppTTOIL1": 60.0
    },
    "sea": {
        "ttoi": 1925.5,
        "ttoiL10": 599.91,
        "ttoiL5": 303.46,
        "ttoiL3": 185.0,
        "ttoiL1": 65.0,
        "oppTTOI": 1917.5300000000002,
        "oppTTOIL10": 592.85,
        "oppTTOIL5": 297.36,
        "oppTTOIL3": 177.31,
        "oppTTOIL1": 58.43
    },
    "bos": {
        "ttoi": 2001.68,
        "ttoiL10": 611.1199999999999,
        "ttoiL5": 303.37,
        "ttoiL3": 179.47,
        "ttoiL1": 60.0,
        "oppTTOI": 1982.52,
        "oppTTOIL10": 606.73,
        "oppTTOIL5": 310.88,
        "oppTTOIL3": 188.36,
        "oppTTOIL1": 63.53
    },
    "van": {
        "ttoi": 1989.4399999999998,
        "ttoiL10": 615.02,
        "ttoiL5": 308.46000000000004,
        "ttoiL3": 183.53,
        "ttoiL1": 59.85,
        "oppTTOI": 1996.9900000000002,
        "oppTTOIL10": 614.0,
        "oppTTOIL5": 303.71000000000004,
        "oppTTOIL3": 182.54000000000002,
        "oppTTOIL1": 59.07
    },
    "edm": {
        "ttoi": 2090.1299999999997,
        "ttoiL10": 600.5699999999998,
        "ttoiL5": 303.17999999999995,
        "ttoiL3": 179.89999999999998,
        "ttoiL1": 58.02,
        "oppTTOI": 2087.5700000000006,
        "oppTTOIL10": 593.7900000000001,
        "oppTTOIL5": 298.83000000000004,
        "oppTTOIL3": 178.83,
        "oppTTOIL1": 59.93
    },
    "la": {
        "ttoi": 2243.17,
        "ttoiL10": 618.6800000000001,
        "ttoiL5": 318.1,
        "ttoiL3": 188.3,
        "ttoiL1": 64.92,
        "oppTTOI": 2230.47,
        "oppTTOIL10": 608.17,
        "oppTTOIL5": 310.97,
        "oppTTOIL3": 186.49,
        "oppTTOIL1": 60.0
    },
    "tb": {
        "ttoi": 1918.8800000000003,
        "ttoiL10": 596.24,
        "ttoiL5": 297.87,
        "ttoiL3": 178.27,
        "ttoiL1": 59.1,
        "oppTTOI": 1922.3899999999999,
        "oppTTOIL10": 603.55,
        "oppTTOIL5": 300.45,
        "oppTTOIL3": 176.37,
        "oppTTOIL1": 59.72
    },
    "ari": {
        "ttoi": 1930.2700000000002,
        "ttoiL10": 604.5799999999999,
        "ttoiL5": 304.4,
        "ttoiL3": 185.42000000000002,
        "ttoiL1": 65.0,
        "oppTTOI": 1930.3500000000001,
        "oppTTOIL10": 609.87,
        "oppTTOIL5": 301.29,
        "oppTTOIL3": 176.29000000000002,
        "oppTTOIL1": 59.47
    },
    "nsh": {
        "ttoi": 1929.4299999999996,
        "ttoiL10": 607.79,
        "ttoiL5": 308.87,
        "ttoiL3": 186.32,
        "ttoiL1": 64.12,
        "oppTTOI": 1935.7600000000002,
        "oppTTOIL10": 608.87,
        "oppTTOIL5": 296.27,
        "oppTTOIL3": 179.67,
        "oppTTOIL1": 58.47
    },
    "nj": {
        "ttoi": 2029.42,
        "ttoiL10": 586.65,