{
    "ana": {
        "ttoi": 2842.33,
        "ttoiL10": 601.47,
        "ttoiL5": 300.37,
        "ttoiL3": 179.82,
        "ttoiL1": 60.0,
        "oppTTOI": 2846.3,
        "oppTTOIL10": 606.7399999999999,
        "oppTTOIL5": 303.57,
        "oppTTOIL3": 184.57,
        "oppTTOIL1": 60.0
    },
    "buf": {
        "ttoi": 2702.61,
        "ttoiL10": 605.14,
        "ttoiL5": 301.13,
        "ttoiL3": 181.93,
        "ttoiL1": 59.85,
        "oppTTOI": 2703.73,
        "oppTTOIL10": 603.8199999999999,
        "oppTTOIL5": 302.72999999999996,
        "oppTTOIL3": 178.98,
        "oppTTOIL1": 60.0
    },
    "cbj": {
        "ttoi": 2744.57,
        "ttoiL10": 596.05,
        "ttoiL5": 292.87,
        "ttoiL3": 176.05,
        "ttoiL1": 59.83,
        "oppTTOI": 2750.3100000000004,
        "oppTTOIL10": 596.93,
        "oppTTOIL5": 298.75,
        "oppTTOIL3": 179.18,
        "oppTTOIL1": 60.0
    },
    "phi": {
        "ttoi": 2817.8699999999994,
        "ttoiL10": 597.13,
        "ttoiL5": 297.55,
        "ttoiL3": 177.65,
        "ttoiL1": 60.0,
        "oppTTOI": 2812.06,
        "oppTTOIL10": 607.2099999999999,
        "oppTTOIL5": 304.4,
        "oppTTOIL3": 179.82,
        "oppTTOIL1": 59.82
    },
    "pit": {
        "ttoi": 2700.83,
        "ttoiL10": 594.08,
        "ttoiL5": 298.47,
        "ttoiL3": 179.84,
        "ttoiL1": 60.0,
        "oppTTOI": 2695.27,
        "oppTTOIL10": 600.55,
        "oppTTOIL5": 300.30999999999995,
        "oppTTOIL3": 177.58999999999997,
        "oppTTOIL1": 60.55
    },
    "nj": {
        "ttoi": 2696.770000000001,
        "ttoiL10": 609.77,
        "ttoiL5": 304.01,
        "ttoiL3": 184.01,
        "ttoiL1": 59.93,
        "oppTTOI": 2685.6699999999996,
        "oppTTOIL10": 597.1800000000001,
        "oppTTOIL5": 296.28,
        "oppTTOIL3": 176.46,
        "oppTTOIL1": 60.0
    },
    "edm": {
        "ttoi": 2868.1400000000003,
        "ttoiL10": 599.24,
        "ttoiL5": 299.82,
        "ttoiL3": 180.0,
        "ttoiL1": 60.0,
        "oppTTOI": 2861.9200000000005,
        "oppTTOIL10": 594.95,
        "oppTTOIL5": 299.8,
        "oppTTOIL3": 179.8,
        "oppTTOIL1": 60.0
    },
    "bos": {
        "ttoi": 2726.1200000000003,
        "ttoiL10": 599.85,
        "ttoiL5": 296.74,
        "ttoiL3": 179.82,
        "ttoiL1": 59.9,
        "oppTTOI": 2698.8600000000006,
        "oppTTOIL10": 607.1700000000001,
        "oppTTOIL5": 307.57,
        "oppTTOIL3": 184.82999999999998,
        "oppTTOIL1": 60.0
    },
    "sj": {
        "ttoi": 2819.01,
        "ttoiL10": 599.44,
        "ttoiL5": 301.17,
        "ttoiL3": 183.47,
        "ttoiL1": 58.47,
        "oppTTOI": 2832.51,
        "oppTTOIL10": 602.4300000000001,
        "oppTTOIL5": 305.49,
        "oppTTOIL3": 183.42000000000002,
        "oppTTOIL1": 61.1
    },
    "dal": {
        "ttoi": 2889.96,
        "ttoiL10": 597.07,
        "ttoiL5": 296.23,
        "ttoiL3": 178.3,
        "ttoiL1": 60.0,
        "oppTTOI": 2881.8500000000004,
        "oppTTOIL10": 599.0500000000001,
        "oppTTOIL5": 299.35,
        "oppTTOIL3": 179.43,
        "oppTTOIL1": 60.0
    },
    "nsh": {
        "ttoi": 2763.64,
        "ttoiL10": 594.18,
        "ttoiL5": 297.53,
        "ttoiL3": 180.0,
        "ttoiL1": 60.0,
        "oppTTOI": 2766.7399999999993,
        "oppTTOIL10": 601.25,
        "oppTTOIL5": 307.29999999999995,
        "oppTTOIL3": 188.82999999999998,
        "oppTTOIL1": 60.0
    },
    "vgk": {
        "ttoi": 2819.81,
        "ttoiL10": 595.31,
        "ttoiL5": 291.79999999999995,
        "ttoiL3": 173.23,
        "ttoiL1": 60.0,
        "oppTTOI": 2819.5899999999997,
        "oppTTOIL10": 612.4000000000001,
        "oppTTOIL5": 304.8,
        "oppTTOIL3": 184.92000000000002,
        "oppTTOIL1": 64.92
    },
    "cgy": {
        "ttoi": 2833.4,
        "ttoiL10": 597.13,
        "ttoiL5": 296.3,
        "ttoiL3": 176.3,
        "ttoiL1": 59.87,
        "oppTTOI": 2828.029999999999,
        "oppTTOIL10": 602.92,
        "oppTTOIL5": 299.91999999999996,
        "oppTTOIL3": 179.92,
        "oppTTOIL1": 62.4
    },
    "min": {
        "ttoi": 2702.2,
        "ttoiL10": 598.9499999999999,
        "ttoiL5": 296.23,
        "ttoiL3": 176.57999999999998,
        "ttoiL1": 58.73,
        "oppTTOI": 2714.26,
        "oppTTOIL10": 611.4300000000001,
        "oppTTOIL5": 300.96000000000004,
        "oppTTOIL3": 183.67000000000002,
        "oppTTOIL1": 59.52
    },
    "la": {
        "ttoi": 2900.9399999999996,
        "ttoiL10": 597.77,
        "ttoiL5": 294.71,
        "ttoiL3": 174.98,
        "ttoiL1": 56.85,
        "oppTTOI": 2885.9699999999993,
        "oppTTOIL10": 612.03,
        "oppTTOIL5": 308.65,
        "oppTTOIL3": 184.0,
        "oppTTOIL1": 59.48
    },
    "mtl": {
        "ttoi": 2822.69,
        "ttoiL10": 598.39,
        "ttoiL5": 300.77,
        "ttoiL3": 181.82,
        "ttoiL1": 61.82,
        "oppTTOI": 2829.690000000001,
        "oppTTOIL10": 605.79,
        "oppTTOIL5": 299.24,
        "oppTTOIL3": 179.89,
        "oppTTOIL1": 60.0
    },
    "tor": {
        "ttoi": 2823.9499999999994,
        "ttoiL10": 605.67,
        "ttoiL5": 301.2,
        "ttoiL3": 183.33,
        "ttoiL1": 61.92,
        "oppTTOI": 2788.3499999999995,
        "oppTTOIL10": 574.54,
        "oppTTOIL5": 302.25,
        "oppTTOIL3": 182.25,
        "oppTTOIL1": 60.0
    },
    "ott": {
        "ttoi": 2748.58,
        "ttoiL10": 595.8199999999999,
        "ttoiL5": 298.37,
        "ttoiL3": 179.52,
        "ttoiL1": 59.95,
        "oppTTOI": 2767.890000000001,
        "oppTTOIL10": 599.82,
        "oppTTOIL5": 303.62,
        "oppTTOIL3": 178.87,
        "oppTTOIL1": 60.0
    },
    "car": {
        "ttoi": 2790.78,
        "ttoiL10": 611.64,
        "ttoiL5": 304.7,
        "ttoiL3": 184.7,
        "ttoiL1": 59.7,
        "oppTTOI": 2780.9900000000002,
        "oppTTOIL10": 612.35,
        "oppTTOIL5": 304.35,
        "oppTTOIL3": 184.93,
        "oppTTOIL1": 61.93
    },
    "wpg": {
        "ttoi": 2805.56,
        "ttoiL10": 595.6,
        "ttoiL5": 298.05,
        "ttoiL3": 178.5,
        "ttoiL1": 59.83,
        "oppTTOI": 2791.9099999999994,
        "oppTTOIL10": 593.9399999999999,
        "oppTTOIL5": 296.99,
        "oppTTOIL3": 177.02,
        "oppTTOIL1": 59.33
    },
    "sea": {
        "ttoi": 2769.3899999999994,
        "ttoiL10": 605.6500000000001,
        "ttoiL5": 305.65000000000003,
        "ttoiL3": 186.17000000000002,
        "ttoiL1": 65.0,
        "oppTTOI": 2750.74,
        "oppTTOIL10": 592.6800000000001,
        "oppTTOIL5": 294.65,
        "oppTTOIL3": 176.97,
        "oppTTOIL1": 59.129999999999995
    },
    "nyr": {
        "ttoi": 2768.34,
        "ttoiL10": 604.79,
        "ttoiL5": 298.24,
        "ttoiL3": 174.17000000000002,
        "ttoiL1": 56.45,
        "oppTTOI": 2774.8199999999997,
        "oppTTOIL10": 594.6800000000001,
        "oppTTOIL5": 298.23,
        "oppTTOIL3": 179.18,
        "oppTTOIL1": 60.0
    },
    "stl": {
        "ttoi": 2823.63,
        "ttoiL10": 599.47,
        "ttoiL5": 296.1,
        "ttoiL3": 177.12,
        "ttoiL1": 57.2,
        "oppTTOI": 2827.94,
        "oppTTOIL10": 598.17,
        "oppTTOIL5": 297.7,
        "oppTTOIL3": 178.2,
        "oppTTOIL1": 58.6
    },
    "det": {
        "ttoi": 2715.3600000000006,
        "ttoiL10": 595.89,
        "ttoiL5": 299.65,
        "ttoiL3": 181.22,
        "ttoiL1": 56.22,
        "oppTTOI": 2708.7600000000007,
        "oppTTOIL10": 615.0199999999999,
        "oppTTOIL5": 310.45,
        "oppTTOIL3": 187.85,
        "oppTTOIL1": 62.85
    },
    "chi": {
        "ttoi": 2622.91,
        "ttoiL10": 599.27,
        "ttoiL5": 301.68,
        "ttoiL3": 181.72,
        "ttoiL1": 60.0,
        "oppTTOI": 2645.33,
        "oppTTOIL10": 601.31,
        "oppTTOIL5": 300.53000000000003,
        "oppTTOIL3": 177.65,
        "oppTTOIL1": 58.3
    },
    "fla": {
        "ttoi": 2860.5199999999995,
        "ttoiL10": 597.52,