{
    "pit": {
        "ttoi": 2223.72,
        "ttoiL10": 596.74,
        "ttoiL5": 299.57,
        "ttoiL3": 179.19,
        "ttoiL1": 58.25,
        "oppTTOI": 2220.0599999999995,
        "oppTTOIL10": 606.31,
        "oppTTOIL5": 305.59,
        "oppTTOIL3": 178.43,
        "oppTTOIL1": 58.07
    },
    "bos": {
        "ttoi": 2249.82,
        "ttoiL10": 615.84,
        "ttoiL5": 308.14,
        "ttoiL3": 183.37,
        "ttoiL1": 59.7,
        "oppTTOI": 2226.6200000000003,
        "oppTTOIL10": 607.0,
        "oppTTOIL5": 309.93,
        "oppTTOIL3": 181.78,
        "oppTTOIL1": 58.25
    },
    "nj": {
        "ttoi": 2212.0000000000005,
        "ttoiL10": 596.93,
        "ttoiL5": 301.21,
        "ttoiL3": 182.57999999999998,
        "ttoiL1": 65.0,
        "oppTTOI": 2199.669999999999,
        "oppTTOIL10": 598.8499999999999,
        "oppTTOIL5": 298.32,
        "oppTTOIL3": 176.72,
        "oppTTOIL1": 58.72
    },
    "det": {
        "ttoi": 2119.4700000000003,
        "ttoiL10": 604.52,
        "ttoiL5": 304.97,
        "ttoiL3": 180.34,
        "ttoiL1": 60.0,
        "oppTTOI": 2110.0000000000005,
        "oppTTOIL10": 603.14,
        "oppTTOIL5": 304.74,
        "oppTTOIL3": 186.96,
        "oppTTOIL1": 62.22
    },
    "nyi": {
        "ttoi": 2329.96,
        "ttoiL10": 603.9,
        "ttoiL5": 297.58,
        "ttoiL3": 177.6,
        "ttoiL1": 60.0,
        "oppTTOI": 2328.11,
        "oppTTOIL10": 601.4200000000001,
        "oppTTOIL5": 297.6,
        "oppTTOIL3": 178.03,
        "oppTTOIL1": 60.0
    },
    "car": {
        "ttoi": 2303.69,
        "ttoiL10": 607.1600000000001,
        "ttoiL5": 304.48,
        "ttoiL3": 184.53,
        "ttoiL1": 59.55,
        "oppTTOI": 2297.98,
        "oppTTOIL10": 601.18,
        "oppTTOIL5": 299.78,
        "oppTTOIL3": 179.78,
        "oppTTOIL1": 60.38
    },
    "nyr": {
        "ttoi": 2347.5500000000006,
        "ttoiL10": 601.95,
        "ttoiL5": 301.57,
        "ttoiL3": 184.0,
        "ttoiL1": 59.0,
        "oppTTOI": 2350.5099999999998,
        "oppTTOIL10": 600.1800000000001,
        "oppTTOIL5": 299.13,
        "oppTTOIL3": 179.95,
        "oppTTOIL1": 59.95
    },
    "fla": {
        "ttoi": 2322.78,
        "ttoiL10": 592.6,
        "ttoiL5": 295.13,
        "ttoiL3": 176.38,
        "ttoiL1": 59.78,
        "oppTTOI": 2328.88,
        "oppTTOIL10": 603.95,
        "oppTTOIL5": 304.1,
        "oppTTOIL3": 179.12,
        "oppTTOIL1": 59.95
    },
    "dal": {
        "ttoi": 2351.0200000000004,
        "ttoiL10": 599.68,
        "ttoiL5": 297.83,
        "ttoiL3": 177.9,
        "ttoiL1": 58.13,
        "oppTTOI": 2343.3199999999997,
        "oppTTOIL10": 607.5,
        "oppTTOIL5": 297.6,
        "oppTTOIL3": 178.65,
        "oppTTOIL1": 59.92
    },
    "buf": {
        "ttoi": 2160.4700000000003,
        "ttoiL10": 604.21,
        "ttoiL5": 304.87,
        "ttoiL3": 185.22,
        "ttoiL1": 63.0,
        "oppTTOI": 2159.6800000000003,
        "oppTTOIL10": 601.72,
        "oppTTOIL5": 299.03000000000003,
        "oppTTOIL3": 179.68,
        "oppTTOIL1": 59.73
    },
    "cbj": {
        "ttoi": 2148.52,
        "ttoiL10": 591.1899999999999,
        "ttoiL5": 296.34000000000003,
        "ttoiL3": 177.4,
        "ttoiL1": 59.62,
        "oppTTOI": 2148.4100000000003,
        "oppTTOIL10": 591.86,
        "oppTTOIL5": 297.23,
        "oppTTOIL3": 177.23,
        "oppTTOIL1": 59.78
    },
    "stl": {
        "ttoi": 2289.1600000000008,
        "ttoiL10": 618.32,
        "ttoiL5": 312.25,
        "ttoiL3": 183.2,
        "ttoiL1": 65.0,
        "oppTTOI": 2294.19,
        "oppTTOIL10": 594.52,
        "oppTTOIL5": 296.43,
        "oppTTOIL3": 178.23,
        "oppTTOIL1": 59.57
    },
    "vgk": {
        "ttoi": 2410.33,
        "ttoiL10": 605.6100000000001,
        "ttoiL5": 309.34000000000003,
        "ttoiL3": 185.83,
        "ttoiL1": 59.9,
        "oppTTOI": 2402.16,
        "oppTTOIL10": 596.56,
        "oppTTOIL5": 301.75,
        "oppTTOIL3": 176.82999999999998,
        "oppTTOIL1": 60.0
    },
    "tor": {
        "ttoi": 2283.2800000000007,
        "ttoiL10": 605.82,
        "ttoiL5": 306.2,
        "ttoiL3": 183.5,
        "ttoiL1": 65.0,
        "oppTTOI": 2248.31,
        "oppTTOIL10": 595.8599999999999,
        "oppTTOIL5": 301.6,
        "oppTTOIL3": 179.35,
        "oppTTOIL1": 60.0
    },
    "phi": {
        "ttoi": 2280.74,
        "ttoiL10": 594.4899999999999,
        "ttoiL5": 295.15999999999997,
        "ttoiL3": 180.03,
        "ttoiL1": 60.0,
        "oppTTOI": 2279.34,
        "oppTTOIL10": 607.7,
        "oppTTOIL5": 300.97,
        "oppTTOIL3": 181.02,
        "oppTTOIL1": 60.0
    },
    "cgy": {
        "ttoi": 2355.57,
        "ttoiL10": 606.5300000000001,
        "ttoiL5": 299.6,
        "ttoiL3": 179.05,
        "ttoiL1": 59.3,
        "oppTTOI": 2350.78,
        "oppTTOIL10": 603.01,
        "oppTTOIL5": 303.32,
        "oppTTOIL3": 187.02,
        "oppTTOIL1": 65.0
    },
    "chi": {
        "ttoi": 2200.21,
        "ttoiL10": 592.0,
        "ttoiL5": 295.25,
        "ttoiL3": 176.57,
        "ttoiL1": 58.8,
        "oppTTOI": 2229.92,
        "oppTTOIL10": 600.5,
        "oppTTOIL5": 297.8,
        "oppTTOIL3": 178.18,
        "oppTTOIL1": 60.0
    },
    "wpg": {
        "ttoi": 2269.9599999999996,
        "ttoiL10": 597.3599999999999,
        "ttoiL5": 297.58,
        "ttoiL3": 180.0,
        "ttoiL1": 60.0,
        "oppTTOI": 2256.88,
        "oppTTOIL10": 574.2600000000001,
        "oppTTOIL5": 276.75,
        "oppTTOIL3": 177.82,
        "oppTTOIL1": 60.0
    },
    "min": {
        "ttoi": 2162.52,
        "ttoiL10": 596.02,
        "ttoiL5": 296.72,
        "ttoiL3": 178.42000000000002,
        "ttoiL1": 59.27,
        "oppTTOI": 2170.8199999999997,
        "oppTTOIL10": 613.4,
        "oppTTOIL5": 307.85,
        "oppTTOIL3": 184.18,
        "oppTTOIL1": 59.5
    },
    "mtl": {
        "ttoi": 2284.3,
        "ttoiL10": 598.24,
        "ttoiL5": 298.42,
        "ttoiL3": 179.6,
        "ttoiL1": 60.0,
        "oppTTOI": 2297.3300000000004,
        "oppTTOIL10": 618.12,
        "oppTTOIL5": 309.1,
        "oppTTOIL3": 189.1,
        "oppTTOIL1": 60.95
    },
    "wsh": {
        "ttoi": 2400.29,
        "ttoiL10": 607.35,
        "ttoiL5": 303.76,
        "ttoiL3": 184.16,
        "ttoiL1": 62.93,
        "oppTTOI": 2401.2899999999995,
        "oppTTOIL10": 609.31,
        "oppTTOIL5": 304.9,
        "oppTTOIL3": 184.9,
        "oppTTOIL1": 60.0
    },
    "sea": {
        "ttoi": 2163.7400000000002,
        "ttoiL10": 601.7,
        "ttoiL5": 303.24,
        "ttoiL3": 179.62,
        "ttoiL1": 59.85,
        "oppTTOI": 2153.6800000000003,
        "oppTTOIL10": 592.6,
        "oppTTOIL5": 297.36,
        "oppTTOIL3": 177.31,
        "oppTTOIL1": 58.43
    },
    "van": {
        "ttoi": 2224.7599999999998,
        "ttoiL10": 603.3299999999999,
        "ttoiL5": 295.17,
        "ttoiL3": 175.32,
        "ttoiL1": 58.35,
        "oppTTOI": 2236.9900000000002,
        "oppTTOIL10": 616.07,
        "oppTTOIL5": 303.71000000000004,
        "oppTTOIL3": 178.12,
        "oppTTOIL1": 59.07
    },
    "edm": {
        "ttoi": 2327.7000000000007,
        "ttoiL10": 600.58,
        "ttoiL5": 295.59,
        "ttoiL3": 177.57,
        "ttoiL1": 58.8,
        "oppTTOI": 2326.1,
        "oppTTOIL10": 594.6500000000001,
        "oppTTOIL5": 298.83000000000004,
        "oppTTOIL3": 178.83,
        "oppTTOIL1": 59.93
    },
    "la": {
        "ttoi": 2487.0499999999997,
        "ttoiL10": 621.98,
        "ttoiL5": 308.8,
        "ttoiL3": 183.88,
        "ttoiL1": 60.0,
        "oppTTOI": 2471.86,
        "oppTTOIL10": 608.17,
        "oppTTOIL5": 310.97,
        "oppTTOIL3": 186.49,
        "oppTTOIL1": 60.0
    },
    "tb": {
        "ttoi": 2163.61,
        "ttoiL10": 602.5,
        "ttoiL5": 303.83,
        "ttoiL3": 184.85,
        "ttoiL1": 60.0,
        "oppTTOI": 2164.59,
        "oppTTOIL10": 595.42,