{
    "ana": {
        "ttoi": 3452.5800000000004,
        "ttoiL10": 610.2499999999999,
        "ttoiL5": 299.61,
        "ttoiL3": 180.33,
        "ttoiL1": 61.7,
        "oppTTOI": 3456.5999999999995,
        "oppTTOIL10": 610.74,
        "oppTTOIL5": 307.77,
        "oppTTOIL3": 183.05,
        "oppTTOIL1": 63.57
    },
    "fla": {
        "ttoi": 3577.659999999999,
        "ttoiL10": 597.76,
        "ttoiL5": 302.14,
        "ttoiL3": 180.09,
        "ttoiL1": 61.7,
        "oppTTOI": 3589.89,
        "oppTTOIL10": 596.4699999999999,
        "oppTTOIL5": 299.03,
        "oppTTOIL3": 178.75,
        "oppTTOIL1": 61.7
    },
    "la": {
        "ttoi": 3446.9499999999994,
        "ttoiL10": 602.86,
        "ttoiL5": 308.31,
        "ttoiL3": 184.21,
        "ttoiL1": 64.53,
        "oppTTOI": 3430.18,
        "oppTTOIL10": 615.5100000000001,
        "oppTTOIL5": 307.18,
        "oppTTOIL3": 182.66,
        "oppTTOIL1": 58.63
    },
    "buf": {
        "ttoi": 3246.24,
        "ttoiL10": 603.48,
        "ttoiL5": 298.15,
        "ttoiL3": 179.75,
        "ttoiL1": 60.0,
        "oppTTOI": 3241.0399999999995,
        "oppTTOIL10": 602.73,
        "oppTTOIL5": 302.83,
        "oppTTOIL3": 178.98,
        "oppTTOIL1": 60.0
    },
    "vgk": {
        "ttoi": 3365.6099999999997,
        "ttoiL10": 605.8,
        "ttoiL5": 300.0,
        "ttoiL3": 180.0,
        "ttoiL1": 60.0,
        "oppTTOI": 3362.91,
        "oppTTOIL10": 606.68,
        "oppTTOIL5": 304.2,
        "oppTTOIL3": 184.2,
        "oppTTOIL1": 59.28
    },
    "pit": {
        "ttoi": 3369.55,
        "ttoiL10": 607.0200000000001,
        "ttoiL5": 296.44,
        "ttoiL3": 176.6,
        "ttoiL1": 58.47,
        "oppTTOI": 3369.3199999999997,
        "oppTTOIL10": 600.17,
        "oppTTOIL5": 297.28999999999996,
        "oppTTOIL3": 177.92,
        "oppTTOIL1": 60.0
    },
    "chi": {
        "ttoi": 3284.37,
        "ttoiL10": 603.39,
        "ttoiL5": 299.49,
        "ttoiL3": 182.87,
        "ttoiL1": 60.0,
        "oppTTOI": 3308.54,
        "oppTTOIL10": 606.35,
        "oppTTOIL5": 303.52,
        "oppTTOIL3": 184.17,
        "oppTTOIL1": 62.25
    },
    "dal": {
        "ttoi": 3445.330000000001,
        "ttoiL10": 615.3699999999999,
        "ttoiL5": 307.53999999999996,
        "ttoiL3": 187.82,
        "ttoiL1": 59.42,
        "oppTTOI": 3434.71,
        "oppTTOIL10": 612.7000000000002,
        "oppTTOIL5": 304.33000000000004,
        "oppTTOIL3": 184.55,
        "oppTTOIL1": 64.9
    },
    "ari": {
        "ttoi": 3439.8499999999995,
        "ttoiL10": 618.2,
        "ttoiL5": 311.95,
        "ttoiL3": 191.55,
        "ttoiL1": 62.0,
        "oppTTOI": 3446.350000000001,
        "oppTTOIL10": 599.22,
        "oppTTOIL5": 302.38,
        "oppTTOIL3": 182.81,
        "oppTTOIL1": 63.57
    },
    "col": {
        "ttoi": 3300.060000000001,
        "ttoiL10": 611.06,
        "ttoiL5": 309.26,
        "ttoiL3": 184.26,
        "ttoiL1": 64.63,
        "oppTTOI": 3322.0899999999997,
        "oppTTOIL10": 597.32,
        "oppTTOIL5": 299.6,
        "oppTTOIL3": 179.68,
        "oppTTOIL1": 60.0
    },
    "cbj": {
        "ttoi": 3407.6899999999996,
        "ttoiL10": 600.7,
        "ttoiL5": 301.42,
        "ttoiL3": 181.42000000000002,
        "ttoiL1": 62.0,
        "oppTTOI": 3411.87,
        "oppTTOIL10": 608.17,
        "oppTTOIL5": 300.75,
        "oppTTOIL3": 182.0,
        "oppTTOIL1": 60.0
    },
    "phi": {
        "ttoi": 3449.8899999999994,
        "ttoiL10": 574.24,
        "ttoiL5": 268.18,
        "ttoiL3": 149.21,
        "ttoiL1": 60.0,
        "oppTTOI": 3478.0799999999995,
        "oppTTOIL10": 607.2099999999999,
        "oppTTOIL5": 304.4,
        "oppTTOIL3": 179.82,
        "oppTTOIL1": 59.82
    },
    "nj": {
        "ttoi": 3367.7100000000005,
        "ttoiL10": 608.82,
        "ttoiL5": 303.92,
        "ttoiL3": 178.92000000000002,
        "ttoiL1": 59.95,
        "oppTTOI": 3359.2499999999995,
        "oppTTOIL10": 597.1800000000001,
        "oppTTOIL5": 296.28,
        "oppTTOIL3": 176.46,
        "oppTTOIL1": 60.0
    },
    "edm": {
        "ttoi": 3428.2,
        "ttoiL10": 620.06,
        "ttoiL5": 312.81,
        "ttoiL3": 193.82,
        "ttoiL1": 64.15,
        "oppTTOI": 3422.9900000000002,
        "oppTTOIL10": 598.3000000000001,
        "oppTTOIL5": 299.8,
        "oppTTOIL3": 179.8,
        "oppTTOIL1": 60.0
    },
    "bos": {
        "ttoi": 3385.17,
        "ttoiL10": 599.16,
        "ttoiL5": 301.46,
        "ttoiL3": 179.75,
        "ttoiL1": 59.75,
        "oppTTOI": 3357.180000000001,
        "oppTTOIL10": 607.85,
        "oppTTOIL5": 307.57,
        "oppTTOIL3": 184.82999999999998,
        "oppTTOIL1": 60.0
    },
    "sj": {
        "ttoi": 3478.1000000000004,
        "ttoiL10": 599.0899999999999,
        "ttoiL5": 296.48,
        "ttoiL3": 177.03,
        "ttoiL1": 59.77,
        "oppTTOI": 3490.7700000000004,
        "oppTTOIL10": 602.49,
        "oppTTOIL5": 305.49,
        "oppTTOIL3": 183.42000000000002,
        "oppTTOIL1": 61.1
    },
    "nsh": {
        "ttoi": 3239.3500000000004,
        "ttoiL10": 595.71,
        "ttoiL5": 298.15999999999997,
        "ttoiL3": 178.95,
        "ttoiL1": 58.95,
        "oppTTOI": 3240.7999999999993,
        "oppTTOIL10": 604.8799999999999,
        "oppTTOIL5": 308.83,
        "oppTTOIL3": 183.82999999999998,
        "oppTTOIL1": 60.0
    },
    "cgy": {
        "ttoi": 3434.29,
        "ttoiL10": 600.8899999999999,
        "ttoiL5": 301.28,
        "ttoiL3": 179.76,
        "ttoiL1": 58.33,
        "oppTTOI": 3433.949999999999,
        "oppTTOIL10": 606.39,
        "oppTTOIL5": 299.66999999999996,
        "oppTTOIL3": 179.92,
        "oppTTOIL1": 62.4
    },
    "min": {
        "ttoi": 3375.19,
        "ttoiL10": 615.22,
        "ttoiL5": 312.68,
        "ttoiL3": 182.76,
        "ttoiL1": 60.0,
        "oppTTOI": 3394.140000000001,
        "oppTTOIL10": 615.46,
        "oppTTOIL5": 302.49,
        "oppTTOIL3": 183.67000000000002,
        "oppTTOIL1": 59.52
    },
    "mtl": {
        "ttoi": 3363.15,
        "ttoiL10": 602.2800000000001,
        "ttoiL5": 304.63,
        "ttoiL3": 180.0,
        "ttoiL1": 60.0,
        "oppTTOI": 3374.8800000000006,
        "oppTTOIL10": 601.69,
        "oppTTOIL5": 299.89,
        "oppTTOIL3": 179.89,
        "oppTTOIL1": 60.0
    },
    "tor": {
        "ttoi": 3417.7599999999993,
        "ttoiL10": 593.81,
        "ttoiL5": 294.15,
        "ttoiL3": 177.22,
        "ttoiL1": 58.37,
        "oppTTOI": 3388.3699999999994,
        "oppTTOIL10": 598.4200000000001,
        "oppTTOIL5": 302.25,
        "oppTTOIL3": 182.25,
        "oppTTOIL1": 60.0
    },
    "ott": {
        "ttoi": 3354.3699999999994,
        "ttoiL10": 605.79,
        "ttoiL5": 305.97,
        "ttoiL3": 179.87,
        "ttoiL1": 57.2,
        "oppTTOI": 3369.5800000000004,
        "oppTTOIL10": 599.95,
        "oppTTOIL5": 298.6,
        "oppTTOIL3": 178.87,
        "oppTTOIL1": 60.0
    },
    "car": {
        "ttoi": 3334.98,
        "ttoiL10": 603.9000000000001,
        "ttoiL5": 299.23,
        "ttoiL3": 179.8,
        "ttoiL1": 60.0,
        "oppTTOI": 3323.6000000000004,
        "oppTTOIL10": 605.9200000000001,
        "oppTTOIL5": 303.0,
        "oppTTOIL3": 181.35000000000002,
        "oppTTOIL1": 61.93
    },
    "wpg": {
        "ttoi": 3402.4700000000003,
        "ttoiL10": 596.91,
        "ttoiL5": 302.45,
        "ttoiL3": 177.45,
        "ttoiL1": 60.0,
        "oppTTOI": 3389.2499999999995,
        "oppTTOIL10": 594.19,
        "oppTTOIL5": 296.99,
        "oppTTOIL3": 177.02,
        "oppTTOIL1": 59.33
    },
    "sea": {
        "ttoi": 3431.0199999999995,
        "ttoiL10": 601.63,
        "ttoiL5": 304.66999999999996,
        "ttoiL3": 179.7,
        "ttoiL1": 60.0,
        "oppTTOI": 3379.4999999999995,
        "oppTTOIL10": 591.3199999999999,
        "oppTTOIL5": 294.65,
        "oppTTOIL3": 176.97,
        "oppTTOIL1": 59.129999999999995
    },