{
    "ana": {
        "ttoi": 2541.9599999999996,
        "ttoiL10": 607.4200000000001,
        "ttoiL5": 301.1,
        "ttoiL3": 181.1,
        "ttoiL1": 60.0,
        "oppTTOI": 2549.9599999999996,
        "oppTTOIL10": 609.8199999999999,
        "oppTTOIL5": 308.52,
        "oppTTOIL3": 186.65,
        "oppTTOIL1": 60.0
    },
    "edm": {
        "ttoi": 2568.3200000000006,
        "ttoiL10": 596.01,
        "ttoiL5": 299.42,
        "ttoiL3": 180.65,
        "ttoiL1": 60.0,
        "oppTTOI": 2565.74,
        "oppTTOIL10": 594.95,
        "oppTTOIL5": 299.8,
        "oppTTOIL3": 179.8,
        "oppTTOIL1": 60.0
    },
    "bos": {
        "ttoi": 2486.3000000000006,
        "ttoiL10": 604.27,
        "ttoiL5": 296.18,
        "ttoiL3": 176.55,
        "ttoiL1": 56.92,
        "oppTTOI": 2464.44,
        "oppTTOIL10": 607.1700000000001,
        "oppTTOIL5": 307.57,
        "oppTTOIL3": 184.82999999999998,
        "oppTTOIL1": 60.0
    },
    "sj": {
        "ttoi": 2575.54,
        "ttoiL10": 595.46,
        "ttoiL5": 297.02000000000004,
        "ttoiL3": 176.02,
        "ttoiL1": 57.7,
        "oppTTOI": 2590.4800000000005,
        "oppTTOIL10": 602.52,
        "oppTTOIL5": 305.49,
        "oppTTOIL3": 183.42000000000002,
        "oppTTOIL1": 61.1
    },
    "dal": {
        "ttoi": 2593.73,
        "ttoiL10": 600.24,
        "ttoiL5": 300.84,
        "ttoiL3": 185.57999999999998,
        "ttoiL1": 60.58,
        "oppTTOI": 2586.7200000000003,
        "oppTTOIL10": 608.48,
        "oppTTOIL5": 301.89,
        "oppTTOIL3": 179.65,
        "oppTTOIL1": 60.0
    },
    "phi": {
        "ttoi": 2520.32,
        "ttoiL10": 594.74,
        "ttoiL5": 299.58,
        "ttoiL3": 179.57999999999998,
        "ttoiL1": 59.88,
        "oppTTOI": 2517.72,
        "oppTTOIL10": 610.63,
        "oppTTOIL5": 304.25,
        "oppTTOIL3": 184.57999999999998,
        "oppTTOIL1": 60.0
    },
    "nsh": {
        "ttoi": 2466.1099999999997,
        "ttoiL10": 600.8000000000001,
        "ttoiL5": 296.65,
        "ttoiL3": 176.65,
        "ttoiL1": 57.83,
        "oppTTOI": 2472.31,
        "oppTTOIL10": 607.29,
        "oppTTOIL5": 307.29999999999995,
        "oppTTOIL3": 188.82999999999998,
        "oppTTOIL1": 60.0
    },
    "vgk": {
        "ttoi": 2588.01,
        "ttoiL10": 604.4900000000001,
        "ttoiL5": 299.08000000000004,
        "ttoiL3": 177.68,
        "ttoiL1": 60.0,
        "oppTTOI": 2580.12,
        "oppTTOIL10": 612.4000000000001,
        "oppTTOIL5": 304.8,
        "oppTTOIL3": 184.92000000000002,
        "oppTTOIL1": 64.92
    },
    "cgy": {
        "ttoi": 2597.1000000000004,
        "ttoiL10": 604.51,
        "ttoiL5": 300.83,
        "ttoiL3": 181.53,
        "ttoiL1": 60.0,
        "oppTTOI": 2591.919999999999,
        "oppTTOIL10": 602.92,
        "oppTTOIL5": 299.91999999999996,
        "oppTTOIL3": 179.92,
        "oppTTOIL1": 62.4
    },
    "min": {
        "ttoi": 2465.9700000000003,
        "ttoiL10": 600.17,
        "ttoiL5": 303.45,
        "ttoiL3": 180.98000000000002,
        "ttoiL1": 60.0,
        "oppTTOI": 2478.09,
        "oppTTOIL10": 617.29,
        "oppTTOIL5": 306.96000000000004,
        "oppTTOIL3": 183.67000000000002,
        "oppTTOIL1": 59.52
    },
    "la": {
        "ttoi": 2725.9599999999996,
        "ttoiL10": 611.0899999999999,
        "ttoiL5": 298.90999999999997,
        "ttoiL3": 179.41,
        "ttoiL1": 60.0,
        "oppTTOI": 2705.97,
        "oppTTOIL10": 612.03,
        "oppTTOIL5": 308.65,
        "oppTTOIL3": 184.0,
        "oppTTOIL1": 59.48
    },
    "mtl": {
        "ttoi": 2521.92,
        "ttoiL10": 597.7700000000001,
        "ttoiL5": 297.62,
        "ttoiL3": 178.0,
        "ttoiL1": 60.0,
        "oppTTOI": 2533.1000000000004,
        "oppTTOIL10": 605.79,
        "oppTTOIL5": 299.24,
        "oppTTOIL3": 179.89,
        "oppTTOIL1": 60.0
    },
    "tor": {
        "ttoi": 2581.8199999999997,
        "ttoiL10": 604.7399999999999,
        "ttoiL5": 298.53999999999996,
        "ttoiL3": 179.07,
        "ttoiL1": 59.07,
        "oppTTOI": 2545.2799999999997,
        "oppTTOIL10": 572.92,
        "oppTTOIL5": 300.97,
        "oppTTOIL3": 182.25,
        "oppTTOIL1": 60.0
    },
    "ott": {
        "ttoi": 2450.21,
        "ttoiL10": 604.6899999999999,
        "ttoiL5": 297.45,
        "ttoiL3": 177.45,
        "ttoiL1": 59.75,
        "oppTTOI": 2467.7200000000007,
        "oppTTOIL10": 599.82,
        "oppTTOIL5": 303.62,
        "oppTTOIL3": 178.87,
        "oppTTOIL1": 60.0
    },
    "car": {
        "ttoi": 2546.0800000000004,
        "ttoiL10": 607.25,
        "ttoiL5": 301.94,
        "ttoiL3": 183.92000000000002,
        "ttoiL1": 60.0,
        "oppTTOI": 2542.9100000000003,
        "oppTTOIL10": 612.35,
        "oppTTOIL5": 304.35,
        "oppTTOIL3": 184.93,
        "oppTTOIL1": 61.93
    },
    "wpg": {
        "ttoi": 2507.5099999999998,
        "ttoiL10": 592.88,
        "ttoiL5": 297.55,
        "ttoiL3": 177.55,
        "ttoiL1": 60.0,
        "oppTTOI": 2493.56,
        "oppTTOIL10": 593.1899999999999,
        "oppTTOIL5": 296.7,
        "oppTTOIL3": 178.47,
        "oppTTOIL1": 59.33
    },
    "sea": {
        "ttoi": 2463.7400000000002,
        "ttoiL10": 603.24,
        "ttoiL5": 300.0,
        "ttoiL3": 180.0,
        "ttoiL1": 60.0,
        "oppTTOI": 2445.85,
        "oppTTOIL10": 592.72,
        "oppTTOIL5": 294.65,
        "oppTTOIL3": 176.97,
        "oppTTOIL1": 59.129999999999995
    },
    "nyr": {
        "ttoi": 2594.1700000000005,
        "ttoiL10": 606.32,
        "ttoiL5": 305.62,
        "ttoiL3": 186.85,
        "ttoiL1": 59.07,
        "oppTTOI": 2598.0199999999995,
        "oppTTOIL10": 602.8800000000001,
        "oppTTOIL5": 298.33000000000004,
        "oppTTOIL3": 179.18,
        "oppTTOIL1": 60.0
    },
    "stl": {
        "ttoi": 2587.1300000000006,
        "ttoiL10": 610.2199999999999,
        "ttoiL5": 297.96999999999997,
        "ttoiL3": 179.79999999999998,
        "ttoiL1": 59.6,
        "oppTTOI": 2589.0900000000006,
        "oppTTOIL10": 596.8499999999999,
        "oppTTOIL5": 297.7,
        "oppTTOIL3": 178.2,
        "oppTTOIL1": 58.6
    },
    "det": {
        "ttoi": 2415.7100000000005,
        "ttoiL10": 601.21,
        "ttoiL5": 296.24,
        "ttoiL3": 178.22,
        "ttoiL1": 59.8,
        "oppTTOI": 2406.09,
        "oppTTOIL10": 606.8,
        "oppTTOIL5": 305.09999999999997,
        "oppTTOIL3": 185.7,
        "oppTTOIL1": 62.85
    },
    "chi": {
        "ttoi": 2381.23,
        "ttoiL10": 594.74,
        "ttoiL5": 299.44,
        "ttoiL3": 181.01999999999998,
        "ttoiL1": 60.0,
        "oppTTOI": 2408.25,
        "oppTTOIL10": 596.8299999999999,
        "oppTTOIL5": 298.13,
        "oppTTOIL3": 177.65,
        "oppTTOIL1": 58.3
    },
    "fla": {
        "ttoi": 2560.99,
        "ttoiL10": 591.71,
        "ttoiL5": 297.99,
        "ttoiL3": 178.20999999999998,
        "ttoiL1": 58.88,
        "oppTTOI": 2565.57,
        "oppTTOIL10": 591.54,
        "oppTTOIL5": 295.62,
        "oppTTOIL3": 177.05,
        "oppTTOIL1": 59.17
    },
    "van": {
        "ttoi": 2459.9,
        "ttoiL10": 594.01,
        "ttoiL5": 293.49,
        "ttoiL3": 175.14,
        "ttoiL1": 57.12,
        "oppTTOI": 2474.33,
        "oppTTOIL10": 605.7700000000001,
        "oppTTOIL5": 300.71000000000004,
        "oppTTOIL3": 182.78,
        "oppTTOIL1": 59.05
    },
    "tb": {
        "ttoi": 2400.7199999999993,
        "ttoiL10": 600.11,
        "ttoiL5": 297.11,
        "ttoiL3": 178.32999999999998,
        "ttoiL1": 60.0,
        "oppTTOI": 2399.5800000000004,
        "oppTTOIL10": 603.4200000000001,
        "oppTTOIL5": 299.03000000000003,
        "oppTTOIL3": 176.3,
        "oppTTOIL1": 57.9
    },
    "nj": {
        "ttoi": 2452.7600000000007,
        "ttoiL10": 601.97,
        "ttoiL5": 305.76,
        "ttoiL3": 180.76,
        "ttoiL1": 60.0,
        "oppTTOI": 2441.37,
        "oppTTOIL10": 595.5600000000001,