{
    "ana": {
        "ttoi": 2601.9599999999996,
        "ttoiL10": 607.94,
        "ttoiL5": 301.1,
        "ttoiL3": 180.0,
        "ttoiL1": 60.0,
        "oppTTOI": 2609.9599999999996,
        "oppTTOIL10": 609.8199999999999,
        "oppTTOIL5": 308.52,
        "oppTTOIL3": 186.65,
        "oppTTOIL1": 60.0
    },
    "nj": {
        "ttoi": 2572.7600000000007,
        "ttoiL10": 601.97,
        "ttoiL5": 300.76,
        "ttoiL3": 180.0,
        "ttoiL1": 60.0,
        "oppTTOI": 2559.4999999999995,
        "oppTTOIL10": 597.1800000000001,
        "oppTTOIL5": 296.28,
        "oppTTOIL3": 176.46,
        "oppTTOIL1": 60.0
    },
    "edm": {
        "ttoi": 2688.140000000001,
        "ttoiL10": 598.01,
        "ttoiL5": 300.47,
        "ttoiL3": 179.82,
        "ttoiL1": 60.0,
        "oppTTOI": 2684.3100000000004,
        "oppTTOIL10": 594.95,
        "oppTTOIL5": 299.8,
        "oppTTOIL3": 179.8,
        "oppTTOIL1": 60.0
    },
    "bos": {
        "ttoi": 2546.3000000000006,
        "ttoiL10": 604.62,
        "ttoiL5": 296.48,
        "ttoiL3": 176.92000000000002,
        "ttoiL1": 60.0,
        "oppTTOI": 2523.2400000000002,
        "oppTTOIL10": 607.1700000000001,
        "oppTTOIL5": 307.57,
        "oppTTOIL3": 184.82999999999998,
        "oppTTOIL1": 60.0
    },
    "sj": {
        "ttoi": 2635.54,
        "ttoiL10": 596.99,
        "ttoiL5": 297.14,
        "ttoiL3": 177.7,
        "ttoiL1": 60.0,
        "oppTTOI": 2650.3,
        "oppTTOIL10": 602.52,
        "oppTTOIL5": 305.49,
        "oppTTOIL3": 183.42000000000002,
        "oppTTOIL1": 61.1
    },
    "dal": {
        "ttoi": 2651.66,
        "ttoiL10": 598.4699999999999,
        "ttoiL5": 300.64,
        "ttoiL3": 183.51,
        "ttoiL1": 57.93,
        "oppTTOI": 2646.7200000000003,
        "oppTTOIL10": 604.0,
        "oppTTOIL5": 301.89,
        "oppTTOIL3": 179.65,
        "oppTTOIL1": 60.0
    },
    "phi": {
        "ttoi": 2580.22,
        "ttoiL10": 594.64,
        "ttoiL5": 299.48,
        "ttoiL3": 179.78,
        "ttoiL1": 59.9,
        "oppTTOI": 2576.02,
        "oppTTOIL10": 610.63,
        "oppTTOIL5": 304.25,
        "oppTTOIL3": 184.57999999999998,
        "oppTTOIL1": 60.0
    },
    "nsh": {
        "ttoi": 2523.64,
        "ttoiL10": 594.21,
        "ttoiL5": 294.18,
        "ttoiL3": 174.18,
        "ttoiL1": 57.53,
        "oppTTOI": 2532.31,
        "oppTTOIL10": 607.29,
        "oppTTOIL5": 307.29999999999995,
        "oppTTOIL3": 188.82999999999998,
        "oppTTOIL1": 60.0
    },
    "vgk": {
        "ttoi": 2646.58,
        "ttoiL10": 605.59,
        "ttoiL5": 296.15,
        "ttoiL3": 176.25,
        "ttoiL1": 58.57,
        "oppTTOI": 2640.12,
        "oppTTOIL10": 612.4000000000001,
        "oppTTOIL5": 304.8,
        "oppTTOIL3": 184.92000000000002,
        "oppTTOIL1": 64.92
    },
    "cgy": {
        "ttoi": 2657.1000000000004,
        "ttoiL10": 601.13,
        "ttoiL5": 301.53,
        "ttoiL3": 180.47,
        "ttoiL1": 60.0,
        "oppTTOI": 2649.849999999999,
        "oppTTOIL10": 600.8499999999999,
        "oppTTOIL5": 299.91999999999996,
        "oppTTOIL3": 179.92,
        "oppTTOIL1": 62.4
    },
    "min": {
        "ttoi": 2525.62,
        "ttoiL10": 599.8199999999999,
        "ttoiL5": 305.23,
        "ttoiL3": 184.18,
        "ttoiL1": 59.65,
        "oppTTOI": 2536.9100000000003,
        "oppTTOIL10": 611.11,
        "oppTTOIL5": 300.96000000000004,
        "oppTTOIL3": 183.67000000000002,
        "oppTTOIL1": 59.52
    },
    "la": {
        "ttoi": 2784.0899999999992,
        "ttoiL10": 605.8399999999999,
        "ttoiL5": 297.03999999999996,
        "ttoiL3": 177.85999999999999,
        "ttoiL1": 58.13,
        "oppTTOI": 2765.9699999999993,
        "oppTTOIL10": 612.03,
        "oppTTOIL5": 308.65,
        "oppTTOIL3": 184.0,
        "oppTTOIL1": 59.48
    },
    "mtl": {
        "ttoi": 2640.87,
        "ttoiL10": 596.17,
        "ttoiL5": 296.95,
        "ttoiL3": 178.95,
        "ttoiL1": 60.0,
        "oppTTOI": 2650.8200000000006,
        "oppTTOIL10": 605.79,
        "oppTTOIL5": 299.24,
        "oppTTOIL3": 179.89,
        "oppTTOIL1": 60.0
    },
    "tor": {
        "ttoi": 2640.62,
        "ttoiL10": 604.89,
        "ttoiL5": 297.34000000000003,
        "ttoiL3": 177.87,
        "ttoiL1": 58.8,
        "oppTTOI": 2605.2799999999997,
        "oppTTOIL10": 574.54,
        "oppTTOIL5": 302.25,
        "oppTTOIL3": 182.25,
        "oppTTOIL1": 60.0
    },
    "ott": {
        "ttoi": 2510.21,
        "ttoiL10": 604.6899999999999,
        "ttoiL5": 297.45,
        "ttoiL3": 177.95,
        "ttoiL1": 60.0,
        "oppTTOI": 2527.7200000000007,
        "oppTTOIL10": 599.82,
        "oppTTOIL5": 303.62,
        "oppTTOIL3": 178.87,
        "oppTTOIL1": 60.0
    },
    "car": {
        "ttoi": 2671.080000000001,
        "ttoiL10": 611.92,
        "ttoiL5": 308.92,
        "ttoiL3": 185.0,
        "ttoiL1": 65.0,
        "oppTTOI": 2665.5900000000006,
        "oppTTOIL10": 612.35,
        "oppTTOIL5": 304.35,
        "oppTTOIL3": 184.93,
        "oppTTOIL1": 61.93
    },
    "wpg": {
        "ttoi": 2627.06,
        "ttoiL10": 596.63,
        "ttoiL5": 297.1,
        "ttoiL3": 179.55,
        "ttoiL1": 59.85,
        "oppTTOI": 2612.4299999999994,
        "oppTTOIL10": 593.9399999999999,
        "oppTTOIL5": 296.99,
        "oppTTOIL3": 177.02,
        "oppTTOIL1": 59.33
    },
    "sea": {
        "ttoi": 2523.57,
        "ttoiL10": 598.07,
        "ttoiL5": 299.83,
        "ttoiL3": 179.82999999999998,
        "ttoiL1": 59.83,
        "oppTTOI": 2505.81,
        "oppTTOIL10": 592.6800000000001,
        "oppTTOIL5": 294.65,
        "oppTTOIL3": 176.97,
        "oppTTOIL1": 59.129999999999995
    },
    "nyr": {
        "ttoi": 2651.8900000000003,
        "ttoiL10": 605.91,
        "ttoiL5": 304.34,
        "ttoiL3": 181.79,
        "ttoiL1": 57.72,
        "oppTTOI": 2658.0199999999995,
        "oppTTOIL10": 602.8800000000001,
        "oppTTOIL5": 298.33000000000004,
        "oppTTOIL3": 179.18,
        "oppTTOIL1": 60.0
    },
    "stl": {
        "ttoi": 2646.51,
        "ttoiL10": 604.5999999999999,
        "ttoiL5": 297.34999999999997,
        "ttoiL3": 179.45,
        "ttoiL1": 59.38,
        "oppTTOI": 2649.0900000000006,
        "oppTTOIL10": 596.8499999999999,
        "oppTTOIL5": 297.7,
        "oppTTOIL3": 178.2,
        "oppTTOIL1": 58.6
    },
    "det": {
        "ttoi": 2474.1400000000003,
        "ttoiL10": 595.01,
        "ttoiL5": 294.67,
        "ttoiL3": 178.0,
        "ttoiL1": 58.43,
        "oppTTOI": 2466.01,
        "oppTTOIL10": 606.72,
        "oppTTOIL5": 305.09999999999997,
        "oppTTOIL3": 185.7,
        "oppTTOIL1": 62.85
    },
    "chi": {
        "ttoi": 2441.19,
        "ttoiL10": 596.23,
        "ttoiL5": 299.78000000000003,
        "ttoiL3": 181.03,
        "ttoiL1": 59.96,
        "oppTTOI": 2468.08,
        "oppTTOIL10": 596.8299999999999,
        "oppTTOIL5": 298.13,
        "oppTTOIL3": 177.65,
        "oppTTOIL1": 58.3
    },
    "fla": {
        "ttoi": 2620.99,
        "ttoiL10": 593.34,
        "ttoiL5": 298.21,
        "ttoiL3": 178.88,
        "ttoiL1": 60.0,
        "oppTTOI": 2623.44,
        "oppTTOIL10": 591.54,
        "oppTTOIL5": 295.62,
        "oppTTOIL3": 177.05,
        "oppTTOIL1": 59.17
    },
    "van": {
        "ttoi": 2581.8199999999997,
        "ttoiL10": 592.38,
        "ttoiL5": 297.06,
        "ttoiL3": 179.04,
        "ttoiL1": 64.05,
        "oppTTOI": 2599.3300000000004,
        "oppTTOIL10": 612.69,
        "oppTTOIL5": 300.71000000000004,
        "oppTTOIL3": 182.78,
        "oppTTOIL1": 59.05
    },
    "tb": {
        "ttoi": 2460.7199999999993,
        "ttoiL10": 600.94,
        "ttoiL5": 297.11,
        "ttoiL3": 180.0,
        "ttoiL1": 60.0,
        "oppTTOI": 2458.9600000000005,
        "oppTTOIL10": 603.4200000000001,
        "oppTTOIL5": 299.03000000000003,
        "oppTTOIL3": 176.3,
        "oppTTOIL1": 57.9
    },