{
    "ana": {
        "ttoi": 4171.450000000001,
        "ttoiL10": 599.15,
        "ttoiL5": 299.46999999999997,
        "ttoiL3": 179.14,
        "ttoiL1": 59.82,
        "oppTTOI": 4168.049999999999,
        "oppTTOIL10": 602.97,
        "oppTTOIL5": 307.77,
        "oppTTOIL3": 183.05,
        "oppTTOIL1": 63.57
    },
    "cbj": {
        "ttoi": 4070.9500000000003,
        "ttoiL10": 606.2399999999999,
        "ttoiL5": 302.89,
        "ttoiL3": 182.19,
        "ttoiL1": 58.08,
        "oppTTOI": 4080.4300000000003,
        "oppTTOIL10": 605.25,
        "oppTTOIL5": 301.0,
        "oppTTOIL3": 181.82,
        "oppTTOIL1": 59.82
    },
    "nyi": {
        "ttoi": 4262.410000000001,
        "ttoiL10": 601.01,
        "ttoiL5": 298.08000000000004,
        "ttoiL3": 178.23000000000002,
        "ttoiL1": 60.0,
        "oppTTOI": 4259.06,
        "oppTTOIL10": 601.1,
        "oppTTOIL5": 300.0,
        "oppTTOIL3": 180.0,
        "oppTTOIL1": 60.0
    },
    "nsh": {
        "ttoi": 4026.73,
        "ttoiL10": 602.73,
        "ttoiL5": 304.59000000000003,
        "ttoiL3": 178.54,
        "ttoiL1": 60.92,
        "oppTTOI": 4024.66,
        "oppTTOIL10": 606.59,
        "oppTTOIL5": 303.12,
        "oppTTOIL3": 183.14999999999998,
        "oppTTOIL1": 59.32
    },
    "cgy": {
        "ttoi": 4227.03,
        "ttoiL10": 613.82,
        "ttoiL5": 306.43,
        "ttoiL3": 187.95,
        "ttoiL1": 64.78,
        "oppTTOI": 4231.039999999998,
        "oppTTOIL10": 607.22,
        "oppTTOIL5": 303.69,
        "oppTTOIL3": 185.57,
        "oppTTOIL1": 60.0
    },
    "van": {
        "ttoi": 4090.28,
        "ttoiL10": 605.86,
        "ttoiL5": 302.94,
        "ttoiL3": 182.68,
        "ttoiL1": 65.0,
        "oppTTOI": 4111.640000000002,
        "oppTTOIL10": 605.69,
        "oppTTOIL5": 302.76,
        "oppTTOIL3": 179.03,
        "oppTTOIL1": 60.33
    },
    "sea": {
        "ttoi": 4156.3,
        "ttoiL10": 607.0,
        "ttoiL5": 302.71999999999997,
        "ttoiL3": 180.89,
        "ttoiL1": 59.27,
        "oppTTOI": 4104.13,
        "oppTTOIL10": 592.48,
        "oppTTOIL5": 295.67,
        "oppTTOIL3": 178.75,
        "oppTTOIL1": 58.7
    },
    "mtl": {
        "ttoi": 4205.379999999999,
        "ttoiL10": 602.6,
        "ttoiL5": 298.02,
        "ttoiL3": 179.27,
        "ttoiL1": 59.27,
        "oppTTOI": 4220.18,
        "oppTTOIL10": 601.99,
        "oppTTOIL5": 299.89,
        "oppTTOIL3": 180.42000000000002,
        "oppTTOIL1": 60.0
    },
    "wsh": {
        "ttoi": 4192.960000000001,
        "ttoiL10": 603.93,
        "ttoiL5": 304.78,
        "ttoiL3": 180.45999999999998,
        "ttoiL1": 58.1,
        "oppTTOI": 4216.210000000001,
        "oppTTOIL10": 606.65,
        "oppTTOIL5": 298.65,
        "oppTTOIL3": 180.57,
        "oppTTOIL1": 61.15
    },
    "chi": {
        "ttoi": 4063.9499999999994,
        "ttoiL10": 592.2900000000001,
        "ttoiL5": 297.95000000000005,
        "ttoiL3": 178.02,
        "ttoiL1": 58.02,
        "oppTTOI": 4153.419999999999,
        "oppTTOIL10": 604.98,
        "oppTTOIL5": 300.26,
        "oppTTOIL3": 180.38,
        "oppTTOIL1": 59.83
    },
    "car": {
        "ttoi": 4110.469999999999,
        "ttoiL10": 597.22,
        "ttoiL5": 294.57,
        "ttoiL3": 178.22,
        "ttoiL1": 58.22,
        "oppTTOI": 4101.42,
        "oppTTOIL10": 606.47,
        "oppTTOIL5": 300.47,
        "oppTTOIL3": 181.05,
        "oppTTOIL1": 60.0
    },
    "tb": {
        "ttoi": 4208.9400000000005,
        "ttoiL10": 603.27,
        "ttoiL5": 302.82,
        "ttoiL3": 185.0,
        "ttoiL1": 60.0,
        "oppTTOI": 4209.469999999999,
        "oppTTOIL10": 603.3299999999999,
        "oppTTOIL5": 299.02,
        "oppTTOIL3": 182.62,
        "oppTTOIL1": 59.72
    },
    "fla": {
        "ttoi": 4119.879999999999,
        "ttoiL10": 603.9200000000001,
        "ttoiL5": 306.94,
        "ttoiL3": 184.51999999999998,
        "ttoiL1": 60.0,
        "oppTTOI": 4127.1,
        "oppTTOIL10": 596.8,
        "oppTTOIL5": 299.03,
        "oppTTOIL3": 178.75,
        "oppTTOIL1": 61.7
    },
    "la": {
        "ttoi": 4241.0999999999985,
        "ttoiL10": 613.97,
        "ttoiL5": 310.0,
        "ttoiL3": 185.0,
        "ttoiL1": 65.0,
        "oppTTOI": 4217.0199999999995,
        "oppTTOIL10": 615.5100000000001,
        "oppTTOIL5": 307.18,
        "oppTTOIL3": 182.66,
        "oppTTOIL1": 58.63
    },
    "buf": {
        "ttoi": 4087.9300000000003,
        "ttoiL10": 601.3799999999999,
        "ttoiL5": 307.03,
        "ttoiL3": 185.0,
        "ttoiL1": 60.0,
        "oppTTOI": 4079.1899999999996,
        "oppTTOIL10": 602.73,
        "oppTTOIL5": 298.98,
        "oppTTOIL3": 178.98,
        "oppTTOIL1": 60.0
    },
    "vgk": {
        "ttoi": 4161.39,
        "ttoiL10": 605.08,
        "ttoiL5": 302.33,
        "ttoiL3": 179.18,
        "ttoiL1": 59.18,
        "oppTTOI": 4145.63,
        "oppTTOIL10": 606.68,
        "oppTTOIL5": 304.2,
        "oppTTOIL3": 184.2,
        "oppTTOIL1": 59.28
    },
    "pit": {
        "ttoi": 4155.7300000000005,
        "ttoiL10": 605.0799999999999,
        "ttoiL5": 298.77,
        "ttoiL3": 177.22,
        "ttoiL1": 60.0,
        "oppTTOI": 4154.6799999999985,
        "oppTTOIL10": 600.17,
        "oppTTOIL5": 297.28999999999996,
        "oppTTOIL3": 177.92,
        "oppTTOIL1": 60.0
    },
    "dal": {
        "ttoi": 4231.84,
        "ttoiL10": 604.63,
        "ttoiL5": 305.22,
        "ttoiL3": 182.72,
        "ttoiL1": 64.78,
        "oppTTOI": 4163.51,
        "oppTTOIL10": 606.2399999999999,
        "oppTTOIL5": 301.76,
        "oppTTOIL3": 184.55,
        "oppTTOIL1": 64.9
    },
    "ari": {
        "ttoi": 4225.23,
        "ttoiL10": 605.38,
        "ttoiL5": 308.48,
        "ttoiL3": 182.7,
        "ttoiL1": 59.88,
        "oppTTOI": 4225.490000000001,
        "oppTTOIL10": 599.15,
        "oppTTOIL5": 302.38,
        "oppTTOIL3": 182.81,
        "oppTTOIL1": 63.57
    },
    "col": {
        "ttoi": 4083.6100000000006,
        "ttoiL10": 603.5500000000001,
        "ttoiL5": 306.13,
        "ttoiL3": 185.0,
        "ttoiL1": 60.0,
        "oppTTOI": 4106.9400000000005,
        "oppTTOIL10": 601.57,
        "oppTTOIL5": 301.23,
        "oppTTOIL3": 181.63,
        "oppTTOIL1": 60.0
    },
    "phi": {
        "ttoi": 4104.74,
        "ttoiL10": 597.67,
        "ttoiL5": 295.26,
        "ttoiL3": 178.78,
        "ttoiL1": 60.43,
        "oppTTOI": 4137.73,
        "oppTTOIL10": 602.04,
        "oppTTOIL5": 304.4,
        "oppTTOIL3": 179.82,
        "oppTTOIL1": 59.82
    },
    "nj": {
        "ttoi": 4159.769999999999,
        "ttoiL10": 610.33,
        "ttoiL5": 302.47,
        "ttoiL3": 182.7,
        "ttoiL1": 58.18,
        "oppTTOI": 4152.88,
        "oppTTOIL10": 597.5600000000001,
        "oppTTOIL5": 296.66,
        "oppTTOIL3": 178.66,
        "oppTTOIL1": 60.0
    },
    "edm": {
        "ttoi": 4202.709999999999,
        "ttoiL10": 596.75,
        "ttoiL5": 298.6,
        "ttoiL3": 179.88,
        "ttoiL1": 60.0,
        "oppTTOI": 4193.419999999999,
        "oppTTOIL10": 594.2299999999999,
        "oppTTOIL5": 297.68,
        "oppTTOIL3": 179.8,
        "oppTTOIL1": 60.0
    },
    "bos": {
        "ttoi": 4104.8200000000015,
        "ttoiL10": 599.6500000000001,
        "ttoiL5": 297.47,
        "ttoiL3": 179.35,
        "ttoiL1": 60.0,
        "oppTTOI": 4069.4100000000003,
        "oppTTOIL10": 606.82,
        "oppTTOIL5": 303.27,
        "oppTTOIL3": 184.82999999999998,
        "oppTTOIL1": 60.0
    },
    "sj": {
        "ttoi": 4202.360000000001,
        "ttoiL10": 600.03,
        "ttoiL5": 303.53000000000003,
        "ttoiL3": 185.86,
        "ttoiL1": 59.95,
        "oppTTOI": 4222.55,
        "oppTTOIL10": 602.49,
        "oppTTOIL5": 305.49,
        "oppTTOIL3": 183.42000000000002,
        "oppTTOIL1": 61.1
    },
    "min": {
        "ttoi": 4171.590000000001,
        "ttoiL10": 616.29,
        "ttoiL5": 302.39,