{
    "ana": {
        "ttoi": 4051.6300000000006,
        "ttoiL10": 599.05,
        "ttoiL5": 298.34999999999997,
        "ttoiL3": 179.64999999999998,
        "ttoiL1": 59.32,
        "oppTTOI": 4050.0199999999995,
        "oppTTOIL10": 603.37,
        "oppTTOIL5": 307.77,
        "oppTTOIL3": 183.05,
        "oppTTOIL1": 63.57
    },
    "nsh": {
        "ttoi": 3908.19,
        "ttoiL10": 604.19,
        "ttoiL5": 306.42,
        "ttoiL3": 186.05,
        "ttoiL1": 60.0,
        "oppTTOI": 3903.7399999999993,
        "oppTTOIL10": 606.59,
        "oppTTOIL5": 303.12,
        "oppTTOIL3": 183.14999999999998,
        "oppTTOIL1": 59.32
    },
    "cgy": {
        "ttoi": 4102.25,
        "ttoiL10": 608.44,
        "ttoiL5": 306.43,
        "ttoiL3": 181.65,
        "ttoiL1": 63.17,
        "oppTTOI": 4107.079999999999,
        "oppTTOIL10": 607.22,
        "oppTTOIL5": 303.69,
        "oppTTOIL3": 185.57,
        "oppTTOIL1": 60.0
    },
    "van": {
        "ttoi": 3967.33,
        "ttoiL10": 607.52,
        "ttoiL5": 304.41,
        "ttoiL3": 179.99,
        "ttoiL1": 59.73,
        "oppTTOI": 3986.990000000001,
        "oppTTOIL10": 605.49,
        "oppTTOIL5": 303.11,
        "oppTTOIL3": 183.10999999999999,
        "oppTTOIL1": 60.33
    },
    "sea": {
        "ttoi": 4035.4099999999994,
        "ttoiL10": 604.39,
        "ttoiL5": 302.75,
        "ttoiL3": 181.83,
        "ttoiL1": 60.0,
        "oppTTOI": 3982.5,
        "oppTTOIL10": 592.48,
        "oppTTOIL5": 295.67,
        "oppTTOIL3": 178.75,
        "oppTTOIL1": 58.7
    },
    "mtl": {
        "ttoi": 4086.11,
        "ttoiL10": 602.96,
        "ttoiL5": 308.75,
        "ttoiL3": 178.75,
        "ttoiL1": 60.0,
        "oppTTOI": 4100.18,
        "oppTTOIL10": 601.99,
        "oppTTOIL5": 299.89,
        "oppTTOIL3": 180.42000000000002,
        "oppTTOIL1": 60.0
    },
    "wsh": {
        "ttoi": 4070.3300000000004,
        "ttoiL10": 596.4,
        "ttoiL5": 300.15,
        "ttoiL3": 182.15,
        "ttoiL1": 57.83,
        "oppTTOI": 4091.21,
        "oppTTOIL10": 601.65,
        "oppTTOIL5": 298.65,
        "oppTTOIL3": 180.57,
        "oppTTOIL1": 61.15
    },
    "chi": {
        "ttoi": 3945.9299999999994,
        "ttoiL10": 597.84,
        "ttoiL5": 297.55,
        "ttoiL3": 179.93,
        "ttoiL1": 60.0,
        "oppTTOI": 4035.9199999999996,
        "oppTTOIL10": 605.58,
        "oppTTOIL5": 304.0,
        "oppTTOIL3": 180.38,
        "oppTTOIL1": 59.83
    },
    "car": {
        "ttoi": 3992.25,
        "ttoiL10": 597.27,
        "ttoiL5": 301.1,
        "ttoiL3": 176.35,
        "ttoiL1": 60.0,
        "oppTTOI": 3980.9900000000007,
        "oppTTOIL10": 606.47,
        "oppTTOIL5": 300.47,
        "oppTTOIL3": 181.05,
        "oppTTOIL1": 60.0
    },
    "tb": {
        "ttoi": 4083.94,
        "ttoiL10": 594.75,
        "ttoiL5": 299.07,
        "ttoiL3": 177.82,
        "ttoiL1": 60.0,
        "oppTTOI": 4085.6,
        "oppTTOIL10": 603.3299999999999,
        "oppTTOIL5": 299.02,
        "oppTTOIL3": 182.62,
        "oppTTOIL1": 59.72
    },
    "fla": {
        "ttoi": 3999.88,
        "ttoiL10": 602.3100000000001,
        "ttoiL5": 305.24,
        "ttoiL3": 186.94,
        "ttoiL1": 64.52,
        "oppTTOI": 4008.92,
        "oppTTOIL10": 596.8,
        "oppTTOIL5": 299.03,
        "oppTTOIL3": 178.75,
        "oppTTOIL1": 61.7
    },
    "la": {
        "ttoi": 4116.099999999999,
        "ttoiL10": 611.47,
        "ttoiL5": 304.65,
        "ttoiL3": 185.0,
        "ttoiL1": 60.0,
        "oppTTOI": 4092.19,
        "oppTTOIL10": 615.5100000000001,
        "oppTTOIL5": 307.18,
        "oppTTOIL3": 182.66,
        "oppTTOIL1": 58.63
    },
    "buf": {
        "ttoi": 3962.9300000000003,
        "ttoiL10": 596.3799999999999,
        "ttoiL5": 297.83,
        "ttoiL3": 182.03,
        "ttoiL1": 60.0,
        "oppTTOI": 3954.6599999999994,
        "oppTTOIL10": 602.73,
        "oppTTOIL5": 298.98,
        "oppTTOIL3": 178.98,
        "oppTTOIL1": 60.0
    },
    "vgk": {
        "ttoi": 4102.21,
        "ttoiL10": 610.9,
        "ttoiL5": 301.18,
        "ttoiL3": 180.0,
        "ttoiL1": 60.0,
        "oppTTOI": 4085.63,
        "oppTTOIL10": 606.68,
        "oppTTOIL5": 304.2,
        "oppTTOIL3": 184.2,
        "oppTTOIL1": 59.28
    },
    "pit": {
        "ttoi": 4037.03,
        "ttoiL10": 607.65,
        "ttoiL5": 304.62,
        "ttoiL3": 180.07,
        "ttoiL1": 58.52,
        "oppTTOI": 4034.729999999999,
        "oppTTOIL10": 600.17,
        "oppTTOIL5": 297.28999999999996,
        "oppTTOIL3": 177.92,
        "oppTTOIL1": 60.0
    },
    "dal": {
        "ttoi": 4108.4400000000005,
        "ttoiL10": 605.41,
        "ttoiL5": 301.7,
        "ttoiL3": 181.82,
        "ttoiL1": 59.32,
        "oppTTOI": 4038.7299999999996,
        "oppTTOIL10": 606.2399999999999,
        "oppTTOIL5": 301.76,
        "oppTTOIL3": 184.55,
        "oppTTOIL1": 64.9
    },
    "ari": {
        "ttoi": 4105.699999999999,
        "ttoiL10": 605.85,
        "ttoiL5": 308.92,
        "ttoiL3": 188.95000000000002,
        "ttoiL1": 63.17,
        "oppTTOI": 4109.520000000001,
        "oppTTOIL10": 599.15,
        "oppTTOIL5": 302.38,
        "oppTTOIL3": 182.81,
        "oppTTOIL1": 63.57
    },
    "col": {
        "ttoi": 3898.61,
        "ttoiL10": 598.55,
        "ttoiL5": 301.25,
        "ttoiL3": 179.85,
        "ttoiL1": 60.0,
        "oppTTOI": 3923.8900000000003,
        "oppTTOIL10": 601.57,
        "oppTTOIL5": 301.23,
        "oppTTOIL3": 181.63,
        "oppTTOIL1": 60.0
    },
    "cbj": {
        "ttoi": 3953.04,
        "ttoiL10": 607.35,
        "ttoiL5": 304.11,
        "ttoiL3": 184.98000000000002,
        "ttoiL1": 64.28,
        "oppTTOI": 3960.6100000000006,
        "oppTTOIL10": 605.4300000000001,
        "oppTTOIL5": 300.75,
        "oppTTOIL3": 182.0,
        "oppTTOIL1": 60.0
    },
    "phi": {
        "ttoi": 3984.3099999999995,
        "ttoiL10": 594.42,
        "ttoiL5": 294.71000000000004,
        "ttoiL3": 174.83,
        "ttoiL1": 58.35,
        "oppTTOI": 4019.5099999999998,
        "oppTTOIL10": 607.79,
        "oppTTOIL5": 304.4,
        "oppTTOIL3": 179.82,
        "oppTTOIL1": 59.82
    },
    "nj": {
        "ttoi": 4036.9899999999993,
        "ttoiL10": 609.4499999999999,
        "ttoiL5": 302.37,
        "ttoiL3": 179.69,
        "ttoiL1": 59.92,
        "oppTTOI": 4027.8799999999997,
        "oppTTOIL10": 597.5600000000001,
        "oppTTOIL5": 296.66,
        "oppTTOIL3": 178.66,
        "oppTTOIL1": 60.0
    },
    "edm": {
        "ttoi": 4082.71,
        "ttoiL10": 594.88,
        "ttoiL5": 297.25,
        "ttoiL3": 178.6,
        "ttoiL1": 59.88,
        "oppTTOI": 4075.5299999999997,
        "oppTTOIL10": 594.2299999999999,
        "oppTTOIL5": 297.68,
        "oppTTOIL3": 179.8,
        "oppTTOIL1": 60.0
    },
    "bos": {
        "ttoi": 3984.8200000000006,
        "ttoiL10": 599.6500000000001,
        "ttoiL5": 295.54,
        "ttoiL3": 177.47,
        "ttoiL1": 59.35,
        "oppTTOI": 3953.7900000000004,
        "oppTTOIL10": 606.82,
        "oppTTOIL5": 303.27,
        "oppTTOIL3": 184.82999999999998,
        "oppTTOIL1": 60.0
    },
    "sj": {
        "ttoi": 4080.78,
        "ttoiL10": 602.68,
        "ttoiL5": 301.66999999999996,
        "ttoiL3": 181.95,
        "ttoiL1": 64.28,
        "oppTTOI": 4100.93,
        "oppTTOIL10": 602.49,
        "oppTTOIL5": 305.49,
        "oppTTOIL3": 183.42000000000002,
        "oppTTOIL1": 61.1
    },
    "min": {
        "ttoi": 4053.17,
        "ttoiL10": 618.6,
        "ttoiL5": 308.97,
        "ttoiL3": 183.97,
        "ttoiL1": 64.15,
        "oppTTOI": 4064.430000000001,
        "oppTTOIL10": 619.6100000000001,
        "oppTTOIL5": 307.82000000000005,
        "oppTTOIL3": 183.67000000000002,
        "oppTTOIL1": 59.52
    },
    "tor": {
        "ttoi": 3953.23,
        "ttoiL10": 593.84,
        "ttoiL5": 294.42,
        "ttoiL3": 175.52,
        "ttoiL1": 56.25,